HOLEID,DEPTH,X,Y,Z,LATITUDE,LONGITUDE,TENEMENTID,PROSPECT,STARTDATE,ENDDATE,BestGridName_D
ALX___006-1_,788,573314.414,6429730.551,472.768,58.00312776,-103.7595422,,ALE,09/02/2019,23/02/2019,NAD83_UTMZ12N_DGPS_F
ALX___007___,767,573385.812,6429774.046,470.886,58.00350657,-103.7583209,,ALE,23/02/2019,10/03/2019,NAD83_UTMZ12N_DGPS_F
ALX___011___,716,573583.62,6428492.79,490.32,57.99196827,-103.7553742,,ALE,20/03/2020,30/03/2020,NAD83_UTMZ12N_DGPS_F
HK18-86,503,613412,6400197,516,57.72957872,-103.0955128,,HOK,23/01/2018,23/01/2018,NAD83_UTMZ12N_LEGACY
SUE_D_Muon__,314,570155.54,6457590.32,464.03,58.25381626,-103.8046254,,MCC,26/03/2021,31/03/2021,NAD83_UTMZ13N_DGPS_F
NIKI___06___,737,578756.549,6428842.731,468.206,57.99422474,-103.6677856,,NIK,30/03/2018,10/04/2018,NAD83_UTMZ12N_DGPS_S
NIKI___08___,611,578877.297,6428347.095,476.174,57.98975271,-103.6659092,,NIK,15/02/2019,27/02/2019,NAD83_UTMZ12N_DGPS_F
NIKI___13-1_,723.3,582648.218,6429571.483,491.099,58.00006231,-103.6017218,,NIK,08/02/2020,20/02/2020,NAD83_UTMZ12N_DGPS_F
NIKI___15___,578,578909.88,6428369.81,474.8,57.98995091,-103.6653507,,NIK,18/03/2020,29/03/2020,NAD83_UTMZ12N_DGPS_F
SFC_12,462,527059.047,6436752.319,492.948,58.07141738,-104.5413179,,CIGAR,16/09/2019,22/09/2019,NAD83_UTMZ12N_DGPS_F
U382,94.9,527403.919,6436851.205,15.41,58.07228436,-104.5354604,,CIGAR,13/08/2014,20/08/2014,NAD83_UTMZ13N
U427,220,527360.4,6436667,-13.132,58.07063258,-104.5362196,,CIGAR,20/01/2015,29/01/2015,NAD83_UTMZ13N
SF719_13,456,527272.862,6436769.924,489.736,58.07156241,-104.5376915,,CIGAR,,,NAD83_UTMZ13N
SF725_10,456,527272.62,6436756.043,489.469,58.07143775,-104.5376972,,CIGAR,,,NAD83_UTMZ13N
SF731_05,456,527272.653,6436724.125,489.181,58.07115107,-104.5377003,,CIGAR,,,NAD83_UTMZ13N
SF737_05,456,527278.458,6436740.262,489.129,58.07129565,-104.5376,,CIGAR,,,NAD83_UTMZ13N
SF742_09,456,527278.566,6436794.457,489.405,58.0717824,-104.5375919,,CIGAR,,,NAD83_UTMZ13N
SF910_02,456,527386.745,6436710.893,489.296,58.07102519,-104.5357679,,CIGAR,,,NAD83_UTMZ13N
SF910_07,456,527386.651,6436740.461,489.429,58.07129077,-104.535766,,CIGAR,,,NAD83_UTMZ13N
SF910_08,456,527386.683,6436746.479,489.434,58.07134482,-104.5357648,,CIGAR,,,NAD83_UTMZ13N
SF910_09,456,527386.39,6436752.549,489.539,58.07139935,-104.5357691,,CIGAR,,,NAD83_UTMZ13N
SF910_10,456,527386.403,6436758.649,489.286,58.07145414,-104.5357681,,CIGAR,,,NAD83_UTMZ13N
SF910_18,456,527386.724,6436806.236,489.051,58.07188153,-104.5357571,,CIGAR,,,NAD83_UTMZ13N
ST896_12,456,527380.339,6436775.915,489.43,58.07160959,-104.5358689,,CIGAR,,,NAD83_UTMZ13N
ST900_04,456,527386.669,6436724.495,489.44,58.07114736,-104.5357676,,CIGAR,,,NAD83_UTMZ13N
ST900_15,456,527386.539,6436790.615,489.51,58.07174124,-104.5357621,,CIGAR,,,NAD83_UTMZ13N
ST902_08,456,527386.709,6436748.625,489.159,58.07136409,-104.5357641,,CIGAR,,,NAD83_UTMZ13N
CIG_____1___,356,525076,6418748,521.2,57.90982237,-104.5768441,S-106559,JIGGER,15/08/1979,20/08/1979,NAD83_UTMZ13N
CIG_____2___,439.2,525929,6419724,466.9,57.91853996,-104.5623432,ML 5463,JIGGER,09/02/1981,16/02/1981,NAD83_UTMZ13N
CIG_____3___,372.6,525981,6419725,468,57.91854592,-104.5614654,ML 5463,JIGGER,19/02/1981,22/02/1981,NAD83_UTMZ13N
CIG_____4___,402,525876,6419723,466.3,57.91853406,-104.5632379,ML 5463,JIGGER,22/02/1981,28/02/1981,NAD83_UTMZ13N
CIG_____5___,353.6,526134,6420176,466.4,57.92258782,-104.5588332,ML 5463,JIGGER,28/02/1981,04/03/1981,NAD83_UTMZ13N
CIG_____6___,367.9,526201,6420458,466,57.92511678,-104.5576711,ML 5463,JIGGER,05/03/1981,09/03/1981,NAD83_UTMZ13N
CIG_____69_1,450,532104,6427685,454.7,57.98964171,-104.4570372,S-106560,REGIONAL,01/01/1969,01/01/1969,NAD83_UTMZ13N
CIG_____7___,406.6,526013,6420173,470.3,57.92256795,-104.5608761,ML 5463,JIGGER,09/03/1981,13/03/1981,NAD83_UTMZ13N
CIG_____8___,87.5,525930,6420160,480.7,57.92245601,-104.5622787,ML 5463,JIGGER,14/03/1981,15/03/1981,NAD83_UTMZ13N
CIG_____9___,410.6,525930,6420160,480.7,57.92245601,-104.5622787,ML 5463,JIGGER,15/03/1981,19/03/1981,NAD83_UTMZ13N
CIG____10___,404.5,526082,6420180,466.6,57.92262679,-104.5597106,ML 5463,JIGGER,20/03/1981,24/03/1981,NAD83_UTMZ13N
CIG____11___,453.2,532279,6432141,457,58.0296512,-104.4534678,ML 5463,POWER-LINE NE,27/03/1981,02/04/1981,NAD83_UTMZ13N
CIG____12___,450.2,528984,6429966,458,58.01034327,-104.5095235,ML 5463,POWER-LINE EAST,06/04/1981,12/04/1981,NAD83_UTMZ13N
CIG____13___,448.7,527239,6424612,470,57.96236517,-104.5396699,ML 5463,JIGGER NORTH,17/04/1981,22/04/1981,NAD83_UTMZ13N
CIG____14___,611.7,520307,6430962,502,58.01977037,-104.6562733,ML 5463,REGIONAL,24/04/1981,01/05/1981,NAD83_UTMZ13N
CIG____15___,561.7,526550,6436660,481.8,58.07061898,-104.5499572,ML 5463,CIGAR,05/05/1981,11/05/1981,NAD83_UTMZ13N
CIG____16___,394,531320,6432345,460,58.03155212,-104.4696776,ML 5463,POWER-LINE NE,09/02/1982,16/02/1982,NAD83_UTMZ13N
CIG____17___,530,526272,6436615,464.3,58.07023136,-104.5546745,ML 5463,CIGAR,17/02/1982,21/02/1982,NAD83_UTMZ13N
CIG____18___,530,526307,6436578,464.6,58.06989696,-104.5540854,ML 5463,CIGAR,22/02/1982,28/02/1982,NAD83_UTMZ13N
CIG____19___,515,526239,6436651,464.6,58.07055665,-104.5552299,ML 5463,CIGAR,28/02/1982,04/03/1982,NAD83_UTMZ13N
CIG____20___,527,526201,6436687,464.4,58.07088224,-104.55587,ML 5463,CIGAR,04/03/1982,08/03/1982,NAD83_UTMZ13N
CIG____21___,551,526595,6436633,486.3,58.07037377,-104.5491975,ML 5463,CIGAR,21/03/1982,25/03/1982,NAD83_UTMZ13N
CIG____22___,536,526168,6436724,464.1,58.07121651,-104.5564253,ML 5463,CIGAR,09/03/1982,15/03/1982,NAD83_UTMZ13N
CIG____23___,478.6,533513,6440449,456,58.10417826,-104.4313902,ML 5463,CONTACT,09/03/1982,14/03/1982,NAD83_UTMZ13N
CIG____24___,513,526513,6436700,469.7,58.07098046,-104.5505799,ML 5463,CIGAR,15/03/1982,20/03/1982,NAD83_UTMZ13N
CIG____25___,523.7,526344,6436685,464.3,58.07085581,-104.5534463,ML 5463,CIGAR,15/03/1982,20/03/1982,NAD83_UTMZ13N
CIG____26___,537.5,526483,6436733,465.3,58.07127865,-104.5510847,ML 5463,CIGAR,26/03/1982,30/03/1982,NAD83_UTMZ13N
CIG____27___,530,526377,6436650,464,58.07053948,-104.5528908,ML 5463,CIGAR,21/03/1982,26/03/1982,NAD83_UTMZ13N
CIG____28___,521.6,526726,6436694,485.2,58.07091378,-104.54697,ML 5463,CIGAR,25/03/1982,31/03/1982,NAD83_UTMZ13N
CIG____29___,550,526855,6436722,490.8,58.07115747,-104.5447802,ML 5463,CIGAR,31/03/1982,06/04/1982,NAD83_UTMZ13N
CIG____30___,468,526096,6436635,464.4,58.07042139,-104.5576556,ML 5463,CIGAR,31/03/1982,04/04/1982,NAD83_UTMZ13N
CIG____31___,530.4,525971,6436643,466.8,58.07050058,-104.5597736,ML 5463,CIGAR,07/04/1982,11/04/1982,NAD83_UTMZ13N
CIG____32___,389,527032,6421122,476,57.93103114,-104.5435664,ML 5463,JIGGER,06/04/1982,09/04/1982,NAD83_UTMZ13N
CIG____33___,549.7,525813,6436601,476,58.07013257,-104.5624564,ML 5463,CIGAR,10/06/1982,17/06/1982,NAD83_UTMZ13N
CIG____34___,535,525813,6436700,471.2,58.07102176,-104.5624455,ML 5463,CIGAR,17/06/1982,23/06/1982,NAD83_UTMZ13N
CIG____35___,537,525813,6436750,469.6,58.07147085,-104.56244,ML 5463,CIGAR,23/06/1982,28/06/1982,NAD83_UTMZ13N
CIG____36___,62,526863.3,6436780,490,58.07167791,-104.5446328,ML 5463,CIGAR,30/06/1982,01/07/1982,NAD83_UTMZ13N
CIG____36_A_,503,526869.779,6436776.929,490,58.07164993,-104.5445234,ML 5463,CIGAR,01/07/1982,06/07/1982,NAD83_UTMZ13N
CIG____37___,45,526863,6436709,492.2,58.07104023,-104.5446461,ML 5463,CIGAR,06/07/1982,07/07/1982,NAD83_UTMZ13N
CIG____37_A_,511,526868.779,6436707.429,492.2,58.07102577,-104.5445483,ML 5463,CIGAR,07/07/1982,12/07/1982,NAD83_UTMZ13N
CIG____37_B_,478.3,526868.779,6436707.429,492.2,58.07102577,-104.5445483,ML 5463,CIGAR,12/07/1982,16/07/1982,NAD83_UTMZ13N
CIG____37_C_,477,526868.779,6436707.429,492.2,58.07102577,-104.5445483,ML 5463,CIGAR,17/07/1982,20/07/1982,NAD83_UTMZ13N
CIG____38___,530,526963,6436751,496.2,58.07141139,-104.5429461,ML 5463,CIGAR,21/07/1982,26/07/1982,NAD83_UTMZ13N
CIG____39___,530,527063,6436767,494.1,58.071549,-104.5412492,ML 5463,CIGAR,27/07/1982,02/08/1982,NAD83_UTMZ13N
CIG____39_A_,481,527063,6436767,494.1,58.071549,-104.5412492,ML 5463,CIGAR,02/08/1982,14/08/1982,NAD83_UTMZ13N
CIG____40___,493,527163,6436788,488.2,58.0717315,-104.5395517,ML 5463,CIGAR,05/08/1982,10/08/1982,NAD83_UTMZ13N
CIG____41___,583.25,526539,6437753,502.2,58.0804366,-104.5500202,ML 5463,TIBIA LAKE,15/08/1982,21/08/1982,NAD83_UTMZ13N
CIG____42___,509.6,527262,6436824,485.3,58.07204877,-104.5378693,ML 5463,CIGAR,08/02/1983,14/02/1983,NAD83_UTMZ13N
CIG____42_A_,495.9,527262,6436824,485.3,58.07204877,-104.5378693,ML 5463,CIGAR,15/02/1983,22/02/1983,NAD83_UTMZ13N
CIG____42_B_,454.8,527262,6436824,485.3,58.07204877,-104.5378693,ML 5463,CIGAR,23/02/1983,28/02/1983,NAD83_UTMZ13N
CIG____43___,571.5,526455,6437695,504,58.07992069,-104.551451,ML 5463,TIBIA LAKE,13/02/1983,21/02/1983,NAD83_UTMZ13N
CIG____44___,477.4,527267,6436776,486.4,58.07161734,-104.5377901,ML 5463,CIGAR,23/02/1983,01/03/1983,NAD83_UTMZ13N
CIG____44_A_,452.9,527267,6436776,486.4,58.07161734,-104.5377901,ML 5463,CIGAR,02/03/1983,11/03/1983,NAD83_UTMZ13N
CIG____45___,495.6,527362,6436817,481.3,58.07197973,-104.536175,ML 5463,CIGAR,01/03/1983,08/03/1983,NAD83_UTMZ13N
CIG____45_A_,445.3,527362,6436817,481.3,58.07197973,-104.536175,ML 5463,CIGAR,08/03/1983,14/03/1983,NAD83_UTMZ13N
CIG____45_B_,468.18,527362,6436817,481.3,58.07197973,-104.536175,ML 5463,CIGAR,15/03/1983,20/03/1983,NAD83_UTMZ13N
CIG____46___,501.7,527268,6436762,486.7,58.07149153,-104.5377748,ML 5463,CIGAR,12/03/1983,18/03/1983,NAD83_UTMZ13N
CIG____46_A_,459,527268,6436762,486.7,58.07149153,-104.5377748,ML 5463,CIGAR,18/03/1983,25/03/1983,NAD83_UTMZ13N
CIG____47___,414.8,527456,6436784,481.6,58.07167753,-104.5345854,ML 5463,CIGAR,01/04/1983,01/04/1983,NAD83_UTMZ13N
CIG____47_A_,472.5,527456,6436784,481.6,58.07167753,-104.5345854,ML 5463,CIGAR,07/04/1983,09/04/1983,NAD83_UTMZ13N
CIG____47_B_,434.7,527456,6436784,481.6,58.07167753,-104.5345854,ML 5463,CIGAR,01/04/1983,01/04/1983,NAD83_UTMZ13N
CIG____47_C_,327.1,527456,6436784,481.6,58.07167753,-104.5345854,ML 5463,CIGAR,01/04/1983,01/04/1983,NAD83_UTMZ13N
CIG____47_D_,459.03,527456,6436784,481.6,58.07167753,-104.5345854,ML 5463,CIGAR,01/04/1983,01/04/1983,NAD83_UTMZ13N
CIG____48___,460.6,527267,6436802,486,58.07185086,-104.5377871,ML 5463,CIGAR,28/03/1983,01/04/1983,NAD83_UTMZ13N
CIG____48_A_,460.6,527267,6436802,486,58.07185086,-104.5377871,ML 5463,CIGAR,01/04/1983,01/04/1983,NAD83_UTMZ13N
CIG____48_B_,517,527267,6436802,486,58.07185086,-104.5377871,ML 5463,CIGAR,12/04/1983,16/04/1983,NAD83_UTMZ13N
CIG____49___,453.2,527269,6436734,487.3,58.07123999,-104.5377611,ML 5463,CIGAR,14/04/1983,17/04/1983,NAD83_UTMZ13N
CIG____49_A_,468.5,527269,6436734,487.3,58.07123999,-104.5377611,ML 5463,CIGAR,15/06/1983,22/06/1983,NAD83_UTMZ13N
CIG____49_B_,479.6,527269,6436734,487.3,58.07123999,-104.5377611,ML 5463,CIGAR,22/06/1983,28/06/1983,NAD83_UTMZ13N
CIG____50___,483.4,527465,6436754,489.1,58.07140752,-104.5344364,ML 5463,CIGAR,14/04/1983,17/04/1983,NAD83_UTMZ13N
CIG____51___,526.1,527559,6436770,499.8,58.0715454,-104.5328411,ML 5463,CIGAR,19/04/1983,21/04/1983,NAD83_UTMZ13N
CIG____51_A_,510.6,527559,6436770,499.8,58.0715454,-104.5328411,ML 5463,CIGAR,16/06/1983,20/06/1983,NAD83_UTMZ13N
CIG____52___,495.6,527470,6436815,481.7,58.07195509,-104.5343445,ML 5463,CIGAR,08/06/1983,22/06/1983,NAD83_UTMZ13N
CIG____52_A_,468,527470,6436815,481.6,58.07195509,-104.5343445,ML 5463,CIGAR,08/06/1983,22/06/1983,NAD83_UTMZ13N
CIG____53___,471.3,527467,6436731,491.2,58.07120082,-104.5344052,ML 5463,CIGAR,18/06/1983,24/06/1983,NAD83_UTMZ13N
CIG____53_A_,480.4,527467,6436731,491.2,58.07120082,-104.5344052,ML 5463,CIGAR,24/06/1983,28/06/1983,NAD83_UTMZ13N
CIG____53_B_,514.2,527467,6436731,491.2,58.07120082,-104.5344052,ML 5463,CIGAR,28/06/1983,03/07/1983,NAD83_UTMZ13N
CIG____53_C_,483.7,527467,6436731,491.2,58.07120082,-104.5344052,ML 5463,CIGAR,28/06/1983,03/07/1983,NAD83_UTMZ13N
CIG____54___,483.4,527559,6436814,496.5,58.07194059,-104.5328359,ML 5463,CIGAR,20/06/1983,26/06/1983,NAD83_UTMZ13N
CIG____55___,524.3,527661,6436886,492,58.07258092,-104.5310984,ML 5463,CIGAR,26/06/1983,30/06/1983,NAD83_UTMZ13N
CIG____56___,486.8,527266,6436700,487.3,58.07093479,-104.5378159,ML 5463,CIGAR,28/06/1983,03/07/1983,NAD83_UTMZ13N
CIG____56_A_,480.7,527266,6436700,487.3,58.07093479,-104.5378159,ML 5463,CIGAR,03/07/1983,03/07/1983,NAD83_UTMZ13N
CIG____56_B_,501.4,527266,6436700,487.3,58.07093479,-104.5378159,ML 5463,CIGAR,08/07/1983,12/07/1983,NAD83_UTMZ13N
CIG____57___,473.7,527468,6436768,485.9,58.07153308,-104.5343839,ML 5463,CIGAR,29/06/1983,08/07/1983,NAD83_UTMZ13N
CIG____58___,492.7,527666,6436845,500.3,58.07221236,-104.5310185,ML 5463,CIGAR,01/07/1983,06/07/1983,NAD83_UTMZ13N
CIG____58_A_,492.6,527666,6436845,500.3,58.07221236,-104.5310185,ML 5463,CIGAR,15/07/1983,20/07/1983,NAD83_UTMZ13N
CIG____59___,495.6,527662,6436806,502.7,58.07186232,-104.5310909,ML 5463,CIGAR,06/07/1983,10/07/1983,NAD83_UTMZ13N
CIG____59_A_,486.5,527662,6436806,502.7,58.07186232,-104.5310909,ML 5463,CIGAR,10/07/1983,13/07/1983,NAD83_UTMZ13N
CIG____60___,495.6,527365,6436768,481.7,58.07153945,-104.5361298,ML 5463,CIGAR,08/07/1983,12/07/1983,NAD83_UTMZ13N
CIG____61___,498.7,526662,6436696,486.1,58.0709356,-104.5480547,ML 5463,CIGAR,10/07/1983,14/07/1983,NAD83_UTMZ13N
CIG____62___,496.8,527265,6436671,487.7,58.07067439,-104.5378362,ML 5463,CIGAR,13/07/1983,18/07/1983,NAD83_UTMZ13N
CIG____63___,486.5,527762,6436829,497.1,58.07206265,-104.5293931,ML 5463,CIGAR EAST,14/07/1983,19/07/1983,NAD83_UTMZ13N
CIG____64___,517,526663,6436677,485.7,58.07076489,-104.5480399,ML 5463,CIGAR,15/07/1983,20/07/1983,NAD83_UTMZ13N
CIG____65___,477.3,527087,6436749,491.9,58.07138587,-104.5408444,ML 5463,CIGAR,19/07/1983,23/07/1983,NAD83_UTMZ13N
CIG____66___,474.3,527762,6436850,495.6,58.07225126,-104.5293906,ML 5463,CIGAR EAST,20/07/1983,24/07/1983,NAD83_UTMZ13N
CIG____67___,477.3,527310,6436777,483.9,58.07162367,-104.5370611,ML 5463,CIGAR,21/07/1983,29/07/1983,NAD83_UTMZ13N
CIG____68___,489.6,526662,6436716,486.9,58.07111523,-104.5480524,ML 5463,CIGAR,21/07/1983,26/07/1983,NAD83_UTMZ13N
CIG____69___,495.6,526662,6436733,487,58.07126792,-104.5480505,ML 5463,CIGAR,27/07/1983,31/07/1983,NAD83_UTMZ13N
CIG____70___,521.8,527082,6436731,491.3,58.0712245,-104.5409313,ML 5463,CIGAR,24/07/1983,01/08/1983,NAD83_UTMZ13N
CIG____71___,489.5,527212,6436792,487.3,58.07176442,-104.5387206,ML 5463,CIGAR,29/07/1983,04/08/1983,NAD83_UTMZ13N
CIG____72___,484,527759,6436864,493.2,58.0723772,-104.5294398,ML 5463,CIGAR EAST,25/07/1983,02/08/1983,NAD83_UTMZ13N
CIG____73___,495.6,526854,6436689,489.7,58.07086114,-104.5448009,ML 5463,CIGAR,01/08/1983,05/08/1983,NAD83_UTMZ13N
CIG____74___,498.2,527085,6436803,494,58.071871,-104.5408721,ML 5463,CIGAR,02/08/1983,07/08/1983,NAD83_UTMZ13N
CIG____75___,474.3,527162,6436772,487.9,58.07158786,-104.5395705,ML 5463,CIGAR,04/08/1983,17/08/1983,NAD83_UTMZ13N
CIG____76___,462.1,527285,6436777,486.1,58.07162521,-104.5374849,ML 5463,CIGAR,03/08/1983,17/08/1983,NAD83_UTMZ13N
CIG____77___,474.3,527112,6436773,492.1,58.0715999,-104.5404179,ML 5463,CIGAR,06/08/1983,11/08/1983,NAD83_UTMZ13N
CIG____78___,477.32,527084,6436786,494,58.07171837,-104.540891,ML 5463,CIGAR,07/08/1983,13/08/1983,NAD83_UTMZ13N
CIG____79___,462.3,527159,6436811,489,58.07193833,-104.5396168,ML 5463,CIGAR,11/08/1983,16/08/1983,NAD83_UTMZ13N
CIG____80___,468.2,527163,6436732,490.6,58.07122853,-104.5395581,ML 5463,CIGAR,13/08/1983,18/08/1983,NAD83_UTMZ13N
CIG____81___,495.6,527160,6436831,490.4,58.0721179,-104.5395975,ML 5463,CIGAR,17/08/1983,23/08/1983,NAD83_UTMZ13N
CIG____82___,33.5,527277.9,6436851,490,58.07229029,-104.5375966,ML 5463,CIGAR,01/08/1983,02/08/1983,NAD83_UTMZ13N
CIG____83___,477.3,527211.3,6437638.3,458.1,58.07936564,-104.5386344,ML 5463,TIBIA LAKE,17/08/1983,22/08/1983,NAD83_UTMZ13N
CIG____84___,535.2,526529.7,6437775.2,502.5,58.08063655,-104.5501754,ML 5463,TIBIA LAKE,18/08/1983,25/08/1983,NAD83_UTMZ13N
CIG____85___,473.1,527327.5,6436767.9,483,58.07154086,-104.5367655,ML 5463,CIGAR,20/08/1983,24/08/1983,NAD83_UTMZ13N
CIG____86___,460.6,527192.5,6437654.2,462.6,58.07950961,-104.5389513,ML 5463,TIBIA LAKE,22/08/1983,27/08/1983,NAD83_UTMZ13N
CIG____87___,471.2,527132.1,6436770.7,490.2,58.07157801,-104.5400774,ML 5463,CIGAR,23/08/1983,28/08/1983,NAD83_UTMZ13N
CIG____88___,571.8,526559.2,6437745.2,501.7,58.08036534,-104.5496786,ML 5463,TIBIA LAKE,25/08/1983,01/09/1983,NAD83_UTMZ13N
CIG____89___,477.3,527183.8,6436771.1,487.7,58.07157844,-104.539201,ML 5463,CIGAR,29/08/1983,02/09/1983,NAD83_UTMZ13N
CIG____90___,462.1,527207.9,6436774.9,487.8,58.07161109,-104.5387921,ML 5463,CIGAR,25/08/1983,29/08/1983,NAD83_UTMZ13N
CIG____91___,452.6,527239,6436770,486.8,58.07156517,-104.5382655,ML 5463,CIGAR,01/09/1983,06/09/1983,NAD83_UTMZ13N
CIG____92___,480.4,527558,6436726,503.6,58.07115027,-104.5328632,ML 5463,CIGAR,02/09/1983,07/09/1983,NAD83_UTMZ13N
CIG____93___,169.5,527556,6436708,503.8,58.07098872,-104.5328992,ML 5463,CIGAR,07/02/1984,14/02/1984,NAD83_UTMZ13N
CIG____93_A_,497.4,527556,6436708,503.8,58.07098872,-104.5328992,ML 5463,CIGAR,14/02/1984,23/02/1984,NAD83_UTMZ13N
CIG____94___,346.9,526962,6436777,496.6,58.07164497,-104.5429601,ML 5463,CIGAR,09/02/1984,17/02/1984,NAD83_UTMZ13N
CIG____94_A_,454.6,526962,6436777,496.6,58.07164497,-104.5429601,ML 5463,CIGAR,17/02/1984,27/02/1984,NAD83_UTMZ13N
CIG____94_B_,443.2,526962,6436777,496.6,58.07164497,-104.5429601,ML 5463,CIGAR,27/02/1984,29/02/1984,NAD83_UTMZ13N
CIG____95___,446.5,526013,6436639,466.7,58.07046219,-104.5590621,ML 5463,CIGAR,09/02/1984,20/02/1984,NAD83_UTMZ13N
CIG____96___,435.6,526013,6436610,466.4,58.07020172,-104.5590653,ML 5463,CIGAR,20/02/1984,29/02/1984,NAD83_UTMZ13N
CIG____97___,446.6,526212,6436689,464.6,58.07089956,-104.5556833,ML 5463,CIGAR,01/03/1984,07/03/1984,NAD83_UTMZ13N
CIG____98___,520,527561,6436687,504.6,58.07079979,-104.5328169,ML 5463,CIGAR,23/02/1984,01/03/1984,NAD83_UTMZ13N
CIG____99___,449,526972,6436735,496.1,58.07126713,-104.5427954,ML 5463,CIGAR,29/02/1984,01/03/1984,NAD83_UTMZ13N
CIG___100___,457.5,527567,6436820,496.8,58.07199398,-104.5326996,ML 5463,CIGAR,02/03/1984,10/03/1984,NAD83_UTMZ13N
CIG___101___,294.1,526212,6436710,464.4,58.07108817,-104.555681,ML 5463,CIGAR,11/03/1984,11/03/1984,NAD83_UTMZ13N
CIG___101_A_,450.7,526218.479,6436706.529,464.4,58.07105661,-104.5555715,ML 5463,CIGAR,12/03/1984,18/03/1984,NAD83_UTMZ13N
CIG___102___,460.6,526968,6436793,496.2,58.07178831,-104.5428566,ML 5463,CIGAR,13/03/1984,21/03/1984,NAD83_UTMZ13N
CIG___103___,452,527360,6436747,483.1,58.07135114,-104.536217,ML 5463,CIGAR,11/03/1984,18/03/1984,NAD83_UTMZ13N
CIG___104___,446.8,526218.379,6436645.629,464.6,58.07050963,-104.55558,ML 5463,CIGAR,18/03/1984,25/03/1984,NAD83_UTMZ13N
CIG___105___,472.8,526968,6436712,495.1,58.0710608,-104.5428659,ML 5463,CIGAR,22/03/1984,03/04/1984,NAD83_UTMZ13N
CIG___106___,436.2,527364,6436782,481.6,58.07166525,-104.5361452,ML 5463,CIGAR,12/03/1984,25/03/1984,NAD83_UTMZ13N
CIG___107___,436.6,527405,6436761,482.3,58.07147411,-104.5354526,ML 5463,CIGAR,20/03/1984,01/04/1984,NAD83_UTMZ13N
CIG___108___,440.8,526219.479,6436617.729,464.7,58.07025898,-104.5555645,ML 5463,CIGAR,25/03/1984,02/04/1984,NAD83_UTMZ13N
CIG___109___,461.5,527367,6436727,483.9,58.07117108,-104.5361007,ML 5463,CIGAR,26/03/1984,02/04/1984,NAD83_UTMZ13N
CIG___110___,454.5,527124,6436792,491.6,58.07176982,-104.5402123,ML 5463,CIGAR,05/04/1984,06/04/1984,NAD83_UTMZ13N
CIG___111___,472.8,527160,6436754,488.3,58.07142631,-104.5396064,ML 5463,CIGAR,05/04/1984,14/04/1984,NAD83_UTMZ13N
CIG___112___,459.6,527309.5,6436798,483.6,58.07181232,-104.5370671,ML 5463,CIGAR,02/04/1984,10/04/1984,NAD83_UTMZ13N
CIG___113___,444.1,527409,6436781,481.5,58.07165349,-104.5353825,ML 5463,CIGAR,01/04/1984,10/04/1984,NAD83_UTMZ13N
CIG___114___,448.4,527123,6436754,490.4,58.07142857,-104.5402336,ML 5463,CIGAR,01/04/1984,02/04/1984,NAD83_UTMZ13N
CIG___115___,462.4,527209,6436752,489.1,58.07140534,-104.5387761,ML 5463,CIGAR,15/04/1984,18/04/1984,NAD83_UTMZ13N
CIG___116___,472.5,527306,6436817,481.4,58.07198319,-104.5371243,ML 5463,CIGAR,11/04/1984,18/04/1984,NAD83_UTMZ13N
CIG___117___,449.9,527409,6436802,481.4,58.07184211,-104.53538,ML 5463,CIGAR,01/06/1984,07/06/1984,NAD83_UTMZ13N
CIG___118___,242.9,527308,6436759,485.4,58.07146213,-104.5370971,ML 5463,CIGAR,07/06/1984,08/06/1984,NAD83_UTMZ13N
CIG___118_A_,457.8,527308,6436759,485.4,58.07146213,-104.5370971,ML 5463,CIGAR,08/06/1984,13/06/1984,NAD83_UTMZ13N
CIG___119___,473.1,527305,6436737,485.9,58.07126472,-104.5371505,ML 5463,CIGAR,19/06/1984,27/06/1984,NAD83_UTMZ13N
CIG___120___,470,527122,6436814,492.9,58.07196754,-104.5402437,ML 5463,CIGAR,05/06/1984,14/06/1984,NAD83_UTMZ13N
CIG___121___,470,527207,6436733,489.5,58.07123481,-104.5388122,ML 5463,CIGAR,20/06/1984,27/06/1984,NAD83_UTMZ13N
CIG___122___,471.5,528063,6436960,458,58.0732203,-104.5242751,ML 5463,CIGAR EAST,20/06/1984,20/06/1984,NAD83_UTMZ13N
CIG___123___,454.8,527503,6436758,495.2,58.07144109,-104.5337918,ML 5463,CIGAR,16/06/1984,21/06/1984,NAD83_UTMZ13N
CIG___124___,465.1,527208,6436811,487.6,58.07193532,-104.5387862,ML 5463,CIGAR,13/06/1984,20/06/1984,NAD83_UTMZ13N
CIG___125___,473.1,526014.079,6436590.229,465.2,58.07002408,-104.5590492,ML 5463,CIGAR,14/06/1984,21/06/1984,NAD83_UTMZ13N
CIG___126___,465.9,527505,6436775,493.7,58.07159366,-104.5337559,ML 5463,CIGAR,22/06/1984,29/06/1984,NAD83_UTMZ13N
CIG___127___,443.5,526013.479,6436646.429,467.1,58.07052889,-104.5590531,ML 5463,CIGAR,21/06/1984,21/06/1984,NAD83_UTMZ13N
CIG___128___,470.9,527157,6436713,489.6,58.07105825,-104.539662,ML 5463,CIGAR,27/06/1984,03/07/1984,NAD83_UTMZ13N
CIG___129___,451.4,526014.379,6436668.629,467.8,58.07072823,-104.5590354,ML 5463,CIGAR,26/06/1984,04/07/1984,NAD83_UTMZ13N
CIG___130___,473.2,527305,6436715,486.1,58.07106712,-104.5371531,ML 5463,CIGAR,27/06/1984,04/07/1984,NAD83_UTMZ13N
CIG___131___,448.4,527507,6436795,491.1,58.07177317,-104.5337196,ML 5463,CIGAR,29/06/1984,04/07/1984,NAD83_UTMZ13N
CIG___132___,239.4,528063,6436958,457.9,58.07320233,-104.5242753,ML 5463,CIGAR EAST,29/06/1984,29/06/1984,NAD83_UTMZ13N
CIG___133___,456.3,526014.079,6436692.729,468.2,58.0709447,-104.5590378,ML 5463,CIGAR,04/07/1984,12/07/1984,NAD83_UTMZ13N
CIG___134___,456.3,527407,6436821,478.2,58.07201288,-104.5354117,ML 5463,CIGAR,04/07/1984,10/07/1984,NAD83_UTMZ13N
CIG___135___,462.4,527507,6436811,488.6,58.07191687,-104.5337178,ML 5463,CIGAR,05/07/1984,05/07/1984,NAD83_UTMZ13N
CIG___136___,465.4,528041,6436958,458.3,58.07320373,-104.5246482,ML 5463,CIGAR EAST,08/07/1984,14/07/1984,NAD83_UTMZ13N
CIG___137___,477.1,527408,6436741,483.6,58.07129429,-104.5354041,ML 5463,CIGAR,10/07/1984,20/07/1984,NAD83_UTMZ13N
CIG___138___,510.9,527472.3,6436878.6,474.6,58.07252618,-104.5342981,ML 5463,CIGAR,11/07/1984,21/07/1984,NAD83_UTMZ13N
CIG___139___,520.3,526962,6436403,487.7,58.06828583,-104.543003,ML 5463,CIGAR,12/07/1984,22/07/1984,NAD83_UTMZ13N
CIG___140___,477.6,528060,6436914,464.5,58.07280733,-104.5243314,ML 5463,CIGAR EAST,14/07/1984,20/07/1984,NAD83_UTMZ13N
CIG___141___,468.5,527019,6436774,496.3,58.07161456,-104.5419942,ML 5463,CIGAR,20/07/1984,26/07/1984,NAD83_UTMZ13N
CIG___142___,453.2,526466.579,6436666.829,467.6,58.0706853,-104.5513705,ML 5463,CIGAR,20/07/1984,26/07/1984,NAD83_UTMZ13N
CIG___143___,461.8,527021,6436753,495.6,58.07142582,-104.5419628,ML 5463,CIGAR,21/07/1984,27/07/1984,NAD83_UTMZ13N
CIG___144___,489.5,525818.479,6436655.229,472.4,58.07061932,-104.5623576,ML 5463,CIGAR,22/07/1984,29/07/1984,NAD83_UTMZ13N
CIG___145___,459.3,527503,6436733,496.4,58.07121655,-104.5337947,ML 5463,CIGAR,26/07/1984,02/08/1984,NAD83_UTMZ13N
CIG___146___,462.4,526463.279,6436649.429,468,58.07052922,-104.5514284,ML 5463,CIGAR,26/07/1984,31/07/1984,NAD83_UTMZ13N
CIG___147___,456,527022,6436736,494.4,58.07127307,-104.5419478,ML 5463,CIGAR,26/07/1984,02/08/1984,NAD83_UTMZ13N
CIG___148___,428.6,526465.179,6436691.029,465.7,58.07090274,-104.5513915,ML 5463,CIGAR,29/07/1984,04/08/1984,NAD83_UTMZ13N
CIG___148_A_,452.9,526465.179,6436691.029,465.7,58.07090274,-104.5513915,ML 5463,CIGAR,29/07/1984,04/08/1984,NAD83_UTMZ13N
CIG___149___,471.5,526466.179,6436622.329,474.8,58.07028564,-104.5513823,ML 5463,CIGAR,31/07/1984,05/08/1984,NAD83_UTMZ13N
CIG___150___,464.2,527021,6436794,496.4,58.07179407,-104.541958,ML 5463,CIGAR,02/08/1984,07/08/1984,NAD83_UTMZ13N
CIG___151___,474.6,527501,6436710,499.2,58.0710101,-104.5338313,ML 5463,CIGAR,03/08/1984,14/08/1984,NAD83_UTMZ13N
CIG___152___,464.8,527024,6436715,493.5,58.07108433,-104.5419163,ML 5463,CIGAR,05/08/1984,11/08/1984,NAD83_UTMZ13N
CIG___153___,593,526728,6437488,483.3,58.07804511,-104.5468458,ML 5463,TIBIA LAKE,06/02/1985,15/02/1985,NAD83_UTMZ13N
CIG___154___,497,525714.879,6436656.729,473.61,58.07063882,-104.5641135,ML 5463,CIGAR,12/02/1985,18/02/1985,NAD83_UTMZ13N
CIG___155___,583,526653,6437222,465,58.0756605,-104.5481475,ML 5463,TIBIA TRANSECT,16/02/1985,22/02/1985,NAD83_UTMZ13N
CIG___156___,479,525618.529,6436655.089,475.68,58.07062966,-104.5657469,ML 5463,CIGAR,19/02/1985,25/02/1985,NAD83_UTMZ13N
CIG___157___,593,526846,6437030,486.9,58.07392437,-104.5448975,ML 5463,TIBIA TRANSECT,23/02/1985,01/03/1985,NAD83_UTMZ13N
CIG___158___,481.5,525618.169,6436636.019,476.1,58.0704584,-104.5657551,ML 5463,CIGAR,25/02/1985,02/03/1985,NAD83_UTMZ13N
CIG___159___,620,526978,6436655,492.7,58.07054824,-104.5427029,ML 5463,CIGAR,01/03/1985,06/03/1985,NAD83_UTMZ13N
CIG___160___,476,525616.979,6436616.229,477.3,58.07028072,-104.5657774,ML 5463,CIGAR,02/03/1985,07/03/1985,NAD83_UTMZ13N
CIG___161___,524,526573,6437718,499.5,58.08012021,-104.5494477,ML 5463,TIBIA LAKE,06/03/1985,13/03/1985,NAD83_UTMZ13N
CIG___162___,503,525621.859,6436674.539,475.16,58.07080416,-104.5656883,ML 5463,CIGAR,09/03/1985,14/03/1985,NAD83_UTMZ13N
CIG___163___,515,526599,6437752,499.5,58.08042402,-104.549003,ML 5463,TIBIA LAKE,13/03/1985,20/03/1985,NAD83_UTMZ13N
CIG___164___,509,525514.479,6436647.729,475.3,58.07056956,-104.5675114,ML 5463,CIGAR,14/03/1985,20/03/1985,NAD83_UTMZ13N
CIG___165___,521,526958,6436612,491.5,58.07016324,-104.5430468,ML 5463,CIGAR,20/03/1985,25/03/1985,NAD83_UTMZ13N
CIG___166___,520,525513.579,6436687.629,474.8,58.07092798,-104.5675223,ML 5463,CIGAR,20/03/1985,25/03/1985,NAD83_UTMZ13N
CIG___167___,209,527385,6436764,481.2,58.07150229,-104.5357913,ML 5463,CIGAR,25/03/1985,28/03/1985,NAD83_UTMZ13N
CIG___167_A_,446,527385,6436764,481.2,58.07150229,-104.5357913,ML 5463,CIGAR,28/03/1985,03/04/1985,NAD83_UTMZ13N
CIG___168___,456.5,525513.479,6436727.729,475.9,58.07128815,-104.5675197,ML 5463,CIGAR,25/03/1985,30/03/1985,NAD83_UTMZ13N
CIG___169___,513.5,527656,6436700,502.6,58.07091064,-104.5312051,ML 5463,CIGAR,06/03/1985,12/04/1985,NAD83_UTMZ13N
CIG___170___,29,525506.4,6436749.1,477,58.0714805,-104.5676373,ML 5463,CIGAR,31/03/1985,01/04/1985,NAD83_UTMZ13N
CIG___170_A_,500,525506.4,6436749.1,477,58.0714805,-104.5676373,ML 5463,CIGAR,01/04/1985,06/04/1985,NAD83_UTMZ13N
CIG___171___,521,526584,6437779,501.4,58.08066743,-104.5492542,ML 5463,TIBIA LAKE,06/04/1985,12/04/1985,NAD83_UTMZ13N
CIG___172___,507.5,526626,6437826,499.5,58.08108705,-104.5485368,ML 5463,TIBIA LAKE,12/04/1985,18/04/1985,NAD83_UTMZ13N
CIG___173___,482,525513.879,6436710.729,475,58.07113544,-104.5675147,ML 5463,CIGAR,06/06/1985,10/06/1985,NAD83_UTMZ13N
CIG___174___,209,526607,6437838,501.3,58.08119597,-104.5488576,ML 5463,TIBIA LAKE,06/06/1985,10/06/1985,NAD83_UTMZ13N
CIG___174_A_,509,526607,6437838,501.3,58.08119597,-104.5488576,ML 5463,TIBIA LAKE,10/06/1985,14/06/1985,NAD83_UTMZ13N
CIG___175___,569,525519.179,6436621.429,476.1,58.07033307,-104.5674346,ML 5463,CIGAR,10/06/1985,15/06/1985,NAD83_UTMZ13N
CIG___176___,498.5,526637,6437809,498.6,58.0809337,-104.5483522,ML 5463,TIBIA LAKE,14/06/1985,19/06/1985,NAD83_UTMZ13N
CIG___177___,491,527656.8,6436720.4,502.9,58.07109382,-104.5311891,ML 5463,CIGAR,16/06/1985,21/06/1985,NAD83_UTMZ13N
CIG___178___,74,526693,6437897,496.4,58.08172071,-104.5473927,ML 5463,TIBIA LAKE,20/06/1985,24/06/1985,NAD83_UTMZ13N
CIG___178_A_,497,526693,6437897,496.4,58.08172071,-104.5473927,ML 5463,TIBIA LAKE,20/06/1985,24/06/1985,NAD83_UTMZ13N
CIG___179___,511,527657,6436746,503.2,58.07132373,-104.5311827,ML 5463,CIGAR,21/06/1985,25/06/1985,NAD83_UTMZ13N
CIG___180___,509,526721,6437866,493.3,58.0814406,-104.5469214,ML 5463,TIBIA LAKE,25/06/1985,29/06/1985,NAD83_UTMZ13N
CIG___181___,506,527762,6436721,503.3,58.07109263,-104.5294058,ML 5463,CIGAR EAST,25/06/1985,30/06/1985,NAD83_UTMZ13N
CIG___182___,521,526496,6437683,503.4,58.07981046,-104.5507572,ML 5463,TIBIA LAKE,29/06/1985,04/07/1985,NAD83_UTMZ13N
CIG___183___,65,526466,6437713,502.7,58.0800817,-104.5512624,ML 5463,TIBIA LAKE,05/07/1985,09/07/1985,NAD83_UTMZ13N
CIG___183_A_,506,526466,6437713,502.7,58.0800817,-104.5512624,ML 5463,TIBIA LAKE,05/07/1985,09/07/1985,NAD83_UTMZ13N
CIG___184___,503,526641,6437797,498.2,58.08082568,-104.5482857,ML 5463,TIBIA LAKE,10/07/1985,14/07/1985,NAD83_UTMZ13N
CIG___185___,497,527271,6436925,482.8,58.07295536,-104.537705,ML 5463,CIGAR,14/07/1985,24/07/1985,NAD83_UTMZ13N
CIG___186___,199,527353,6436960,474.7,58.07326467,-104.5363109,ML 5463,CIGAR,25/07/1985,27/07/1985,NAD83_UTMZ13N
CIG___187___,41,527346.3,6436768.1,482.5,58.0715415,-104.5364468,ML 5463,CIGAR,19/11/1985,20/11/1985,NAD83_UTMZ13N
CIG___187_A_,444.5,527346.3,6436768.1,482.4,58.0715415,-104.5364468,ML 5463,CIGAR,20/11/1985,02/12/1985,NAD83_UTMZ13N
CIG___188___,470,528602,6437135,456.3,58.07475764,-104.5151167,ML 5463,CIGAR EAST,04/04/1986,08/04/1986,NAD83_UTMZ13N
CIG___189___,448,529062,6437135,456.5,58.07472772,-104.5073185,ML 5463,EASTERN CIGAR TREND,09/02/1986,12/02/1986,NAD83_UTMZ13N
CIG___190___,446,529079,6437105,456.5,58.07445716,-104.507034,ML 5463,EASTERN CIGAR TREND,13/02/1986,16/02/1986,NAD83_UTMZ13N
CIG___191___,434,528996,6437195,456.4,58.07527094,-104.50843,ML 5463,EASTERN CIGAR TREND,16/02/1986,20/02/1986,NAD83_UTMZ13N
CIG___192___,446,529529,6437299,456.5,58.07616985,-104.4993811,ML 5463,EASTERN CIGAR TREND,20/02/1986,25/02/1986,NAD83_UTMZ13N
CIG___193___,236,527285,6436759,486.4,58.07146354,-104.537487,ML 5463,CIGAR,26/02/1986,03/03/1986,NAD83_UTMZ13N
CIG___193_A_,524,527285,6436759,486.4,58.07146354,-104.537487,ML 5463,CIGAR,26/02/1986,03/03/1986,NAD83_UTMZ13N
CIG___194___,472,527224,6437631,457.6,58.0792993,-104.5384199,ML 5463,TIBIA LAKE,27/02/1986,02/03/1986,NAD83_UTMZ13N
CIG___195___,457,527335,6436750,486.8,58.07137963,-104.5366405,ML 5463,CIGAR,03/03/1986,11/03/1986,NAD83_UTMZ13N
CIG___196___,464,527288,6436738,483.9,58.07127474,-104.5374386,ML 5463,CIGAR,06/03/1986,16/03/1986,NAD83_UTMZ13N
CIG___197___,449,527335,6436781,482.7,58.07165806,-104.5366369,ML 5463,CIGAR,11/03/1986,16/03/1986,NAD83_UTMZ13N
CIG___198___,467,527289,6436797,484.7,58.0718046,-104.5374148,ML 5463,CIGAR,16/03/1986,20/03/1986,NAD83_UTMZ13N
CIG___199___,473,527337,6436727,484.4,58.07117293,-104.5366092,ML 5463,CIGAR,17/03/1986,21/03/1986,NAD83_UTMZ13N
CIG___200___,549,524448,6437773,477.5,58.0807365,-104.5854719,ML 5463,CIGAR NORTH,20/03/1986,23/03/1986,NAD83_UTMZ13N
CIG___201___,452,527262,6437720,459.7,58.08009633,-104.5377653,ML 5463,TIBIA LAKE,21/03/1986,24/03/1986,NAD83_UTMZ13N
CIG___202___,502,531990,6452589,459.9,58.2133254,-104.4555673,ML 5463,KELLY BAY,22/03/1986,26/03/1986,NAD83_UTMZ13N
CIG___203___,542,523478,6438068,481.5,58.08343855,-104.6018893,ML 5463,CIGAR NORTH,28/03/1986,30/03/1986,NAD83_UTMZ13N
CIG___204___,461,527803,6437879,456.3,58.08149081,-104.5285737,ML 5463,TIBIA EAST,24/03/1986,28/03/1986,NAD83_UTMZ13N
CIG___205___,501.2,529378,6451423,486.5,58.20303482,-104.5001668,ML 5463,KELLY BAY,27/03/1986,29/03/1986,NAD83_UTMZ13N
CIG___206___,446,527246,6437736,464.2,58.08024102,-104.5380347,ML 5463,TIBIA LAKE,27/03/1986,01/04/1986,NAD83_UTMZ13N
CIG___207___,530,524861,6436536,471.8,58.06960316,-104.5786002,ML 5463,CIGAR WEST,28/03/1986,01/04/1986,NAD83_UTMZ13N
CIG___208___,446,532264,6438331,456.3,58.08524818,-104.4528725,ML 5463,EASTERN CIGAR TREND,31/03/1986,03/04/1986,NAD83_UTMZ13N
CIG___209___,425,530458,6437362,456.4,58.07667284,-104.4836234,ML 5463,EASTERN CIGAR TREND,01/04/1986,03/04/1986,NAD83_UTMZ13N
CIG___210___,539,524882,6436866,470,58.07256595,-104.5782093,ML 5463,CIGAR WEST,02/04/1986,06/04/1986,NAD83_UTMZ13N
CIG___211___,470,527284,6436717,487,58.07108638,-104.5375088,ML 5463,CIGAR,05/04/1986,09/04/1986,NAD83_UTMZ13N
CIG___212___,527,524088.381,6437927.602,480.599,58.08214478,-104.5915536,ML 5463,CIGAR NORTH,03/07/1986,11/07/1986,NAD83_UTMZ13N
CIG___213___,500,527218.25,6436567.3,489,58.06974586,-104.5386407,ML 5463,DG1,12/07/1986,16/07/1986,NAD83_UTMZ13N
CIG___213A__,38,527208.7,6436569,483.51,58.06976172,-104.5388023,ML 5521,CIGAR,01/01/1986,01/01/1986,NAD83_UTMZ13N
CIG___214___,461,527293.75,6436668,487.2,58.07064567,-104.5373492,ML 5463,DG1,25/01/1987,01/02/1987,NAD83_UTMZ13N
CIG___215___,497,527268.35,6436628.1,488.2,58.07028887,-104.5377844,ML 5463,DG1,26/01/1987,03/02/1987,NAD83_UTMZ13N
CIG___216___,500,527269.02,6436588.92,488.35,58.06993693,-104.5377776,ML 5463,DG1,03/02/1987,11/02/1987,NAD83_UTMZ13N
CIG___217___,470,527295.05,6436639.9,487.2,58.07039321,-104.5373305,ML 5463,DG1,21/02/1987,03/03/1987,NAD83_UTMZ13N
CIG___218___,400,527281.6,6436747.1,490.1,58.07135687,-104.537546,ML 5463,DG1,27/02/1987,27/02/1987,NAD83_UTMZ13N
CIG___219___,426,527440.8,6436870.83,471.7,58.07245835,-104.5348329,ML 5463,CIGAR,19/05/1989,19/05/1989,NAD83_UTMZ13N
CIG___220___,439.9,527001.53,6436750.25,495.54,58.07140231,-104.5422931,ML 5463,CIGAR,01/06/1989,18/06/1989,NAD83_UTMZ13N
CIG___221___,532.5,527226.55,6436593.7,489.86,58.06998247,-104.5384969,ML 5463,CIGAR,30/03/1990,10/04/1990,NAD83_UTMZ13N
CIG___222___,532.5,527226.55,6436593.7,489.86,58.06998247,-104.5384969,ML 5463,CIGAR,11/04/1990,21/04/1990,NAD83_UTMZ13N
CIG___223___,526.4,527275.45,6436608.6,489.79,58.07011329,-104.5376663,ML 5463,CIGAR,22/04/1990,30/04/1990,NAD83_UTMZ13N
CIG___224___,535.5,527275.45,6436608.6,489.79,58.07011329,-104.5376663,ML 5463,CIGAR,30/04/1990,11/05/1990,NAD83_UTMZ13N
CIG___225___,480,527391.53,6436770.41,480.59,58.07155946,-104.5356798,ML 5463,CIGAR,17/08/1992,29/08/1992,NAD83_UTMZ13N
CIG___225_A_,429,527391.53,6436770.41,480.59,58.07155946,-104.5356798,ML 5463,CIGAR,30/08/1992,05/09/1992,NAD83_UTMZ13N
CIG___225_B_,430,527391.53,6436770.41,480.59,58.07155946,-104.5356798,ML 5463,CIGAR,05/09/1992,08/09/1992,NAD83_UTMZ13N
CIG___226___,82,527413.68,6436767.45,480.85,58.0715315,-104.5353047,ML 5463,CIGAR,08/09/1992,09/09/1992,NAD83_UTMZ13N
CIG___227___,476.5,527438.9,6436770.24,481.78,58.071555,-104.5348769,ML 5463,CIGAR,10/09/1992,21/09/1992,NAD83_UTMZ13N
CIG___227_A_,426,527438.9,6436770.24,481.78,58.071555,-104.5348769,ML 5463,CIGAR,22/09/1992,23/09/1992,NAD83_UTMZ13N
CIG___227_B_,426,527438.9,6436770.24,481.78,58.071555,-104.5348769,ML 5463,CIGAR,24/09/1992,25/09/1992,NAD83_UTMZ13N
CIG___227_C_,426,527438.9,6436770.24,481.78,58.071555,-104.5348769,ML 5463,CIGAR,26/09/1992,28/09/1992,NAD83_UTMZ13N
CIG___228___,463,527514.03,6436742.91,496.38,58.07130488,-104.5336066,ML 5463,CIGAR,28/09/1992,10/10/1992,NAD83_UTMZ13N
CIG___228_A_,443.5,527514.03,6436742.91,496.38,58.07130488,-104.5336066,ML 5463,CIGAR,11/10/1992,12/10/1992,NAD83_UTMZ13N
CIG___228_B_,442.5,527514.03,6436742.91,496.38,58.07130488,-104.5336066,ML 5463,CIGAR,12/10/1992,14/10/1992,NAD83_UTMZ13N
CIG___228_C_,442.5,527514.03,6436742.91,496.38,58.07130488,-104.5336066,ML 5463,CIGAR,15/10/1992,18/10/1992,NAD83_UTMZ13N
CIG___229___,502,527217.71,6436517.38,489.65,58.06929753,-104.5386556,ML 5463,CIGAR,13/07/1994,21/07/1994,NAD83_UTMZ13N
CIG___230___,447,527438.7,6436760.24,483.4,58.0714652,-104.5348815,ML 5463,CIGAR,20/08/1998,31/08/1998,NAD83_UTMZ13N
CIG___230_A_,428.5,527438.7,6436760.24,483.4,58.0714652,-104.5348815,ML 5463,CIGAR,08/09/1998,09/09/1998,NAD83_UTMZ13N
CIG___230_B_,428.5,527438.7,6436760.24,483.4,58.0714652,-104.5348815,ML 5463,CIGAR,09/09/1998,12/09/1998,NAD83_UTMZ13N
CIG___230_C_,428,527438.7,6436760.24,483.4,58.0714652,-104.5348815,ML 5463,CIGAR,12/09/1998,16/09/1998,NAD83_UTMZ13N
CIG___231___,456.5,527494.01,6436757.76,490.8,58.0714395,-104.5339442,ML 5463,CIGAR,19/09/1998,27/09/1998,NAD83_UTMZ13N
CIG___231_A_,438.5,527494.01,6436757.76,490.8,58.0714395,-104.5339442,ML 5463,CIGAR,27/09/1998,29/09/1998,NAD83_UTMZ13N
CIG___231_B_,438.5,527494.01,6436757.76,490.8,58.0714395,-104.5339442,ML 5463,CIGAR,30/09/1998,05/10/1998,NAD83_UTMZ13N
CIG___231_C_,444.5,527494.01,6436757.76,490.8,58.0714395,-104.5339442,ML 5463,CIGAR,06/10/1998,09/10/1998,NAD83_UTMZ13N
CIG___232___,518,527415.42,6436524.53,502.2,58.06934957,-104.5353036,ML 5463,CIGAR,17/07/1999,05/08/1999,NAD83_UTMZ13N
CIG___233___,510,527218.56,6436471.65,489.61,58.06888675,-104.5386465,ML 5521,CIGAR,16/01/2002,25/01/2002,NAD83_UTMZ13N
CL-170A,500,525512.879,6436746.029,477,58.07145255,-104.5675278,ML 5521,CIGAR,01/01/1985,,NAD83_UTMZ13N
CL-422,531,526073.405,6436643.366,464.81,58.07049786,-104.5580377,ML 5521,CIGAR,01/02/2012,,NAD83_UTMZ13N
CL490,540,525647.253,6436587.7,476.448,58.07002273,-104.5652673,ML 5521,CIGAR,06/02/2016,,NAD83_UTMZ13N
CL491,536,526043.638,6436592.139,464.395,58.0700395,-104.5585479,ML 5521,CIGAR,13/02/2016,,NAD83_UTMZ13N
CL492,532,526145.969,6436603.869,464.222,58.07013883,-104.5568121,ML 5521,CIGAR,20/02/2016,,NAD83_UTMZ13N
CL493,510,526043.635,6436592.139,464.395,58.0700395,-104.558548,ML 5521,CIGAR,20/02/2016,,NAD83_UTMZ13N
CL494,510,526293.204,6436603.686,464.677,58.07012848,-104.5543164,ML 5521,CIGAR,29/02/2016,,NAD83_UTMZ13N
CL495,505,526145.429,6436602.848,464.18,58.0701297,-104.5568213,ML 5521,CIGAR,02/03/2016,,NAD83_UTMZ13N
CL496A,543,526289.184,6436639.514,464.22,58.07045052,-104.5543805,ML 5521,CIGAR,11/03/2016,,NAD83_UTMZ13N
CL497,507,526177.337,6436593.722,464.245,58.07004585,-104.5562815,ML 5521,CIGAR,12/03/2016,,NAD83_UTMZ13N
CL497_1,504,526177.337,6436593.722,464.245,58.07004585,-104.5562815,ML 5521,CIGAR,20/03/2016,,NAD83_UTMZ13N
CL498,504,526289.549,6436639.711,464.239,58.07045227,-104.5543743,ML 5521,CIGAR,21/03/2016,,NAD83_UTMZ13N
CL499,504,526178.449,6436560.219,464.539,58.06974487,-104.5562664,ML 5521,CIGAR,28/03/2016,,NAD83_UTMZ13N
CL500,530,526325.464,6436592.752,464.535,58.07002836,-104.5537708,ML 5521,CIGAR,29/03/2016,,NAD83_UTMZ13N
CL501,513,525926.547,6436637.903,467.682,58.0704574,-104.5605276,ML 5521,CIGAR,05/04/2016,,NAD83_UTMZ13N
CL502B,512,526326.391,6436589.592,464.293,58.06999993,-104.5537554,ML 5521,CIGAR,09/04/2016,,NAD83_UTMZ13N
CL503,531,525926.914,6436637.441,467.794,58.07045323,-104.5605215,ML 5521,CIGAR,14/04/2016,,NAD83_UTMZ13N
CL504A,509,526354.843,6436621.338,464.478,58.07028337,-104.5532696,ML 5521,CIGAR,16/04/2016,,NAD83_UTMZ13N
CL505,501,525893.395,6436626.475,468.719,58.07035669,-104.5610908,ML 5521,CIGAR,21/04/2016,,NAD83_UTMZ13N
CL505_1,504,525893.395,6436626.475,468.719,58.07035669,-104.5610908,ML 5521,CIGAR,27/04/2016,,NAD83_UTMZ13N
CL506,488,525997.008,6436613.161,465.909,58.07023105,-104.559336,ML 5521,CIGAR,22/04/2016,,NAD83_UTMZ13N
CL507,509,525997.008,6436613.161,465.909,58.07023105,-104.559336,ML 5521,CIGAR,01/05/2016,,NAD83_UTMZ13N
CL508A,510,525739.208,6436601.992,475.876,58.07014577,-104.5637071,ML 5521,CIGAR,06/05/2016,,NAD83_UTMZ13N
CL509,521,525997.077,6436612.8,465.985,58.0702278,-104.5593349,ML 5521,CIGAR,10/05/2016,,NAD83_UTMZ13N
CL510_1,501,525739.208,6436601.992,475.876,58.07014577,-104.5637071,ML 5521,CIGAR,19/05/2016,,NAD83_UTMZ13N
CL511_1,519,525982.846,6436634.261,466.18,58.07042139,-104.5595737,ML 5521,CIGAR,27/05/2016,,NAD83_UTMZ13N
CL512,525,525739.208,6436601.992,475.876,58.07014577,-104.5637071,ML 5521,CIGAR,26/05/2016,,NAD83_UTMZ13N
CL513_1,570,526563.565,6436618.545,486.155,58.07024583,-104.549732,ML 5521,CIGAR,05/06/2016,,NAD83_UTMZ13N
CL513_2,540,526563.565,6436618.545,486.155,58.07024583,-104.549732,ML 5521,CIGAR,07/07/2016,,NAD83_UTMZ13N
CL514,492,525982.846,6436634.261,466.18,58.07042139,-104.5595737,ML 5521,CIGAR,31/05/2016,,NAD83_UTMZ13N
CL515,489,525665.152,6436611.075,475.428,58.07023165,-104.5649614,ML 5521,CIGAR,01/06/2016,,NAD83_UTMZ13N
CL515_1,519,525665.152,6436611.075,475.428,58.07023165,-104.5649614,ML 5521,CIGAR,06/06/2016,,NAD83_UTMZ13N
CL516,507,525942.124,6436625.052,467.73,58.07034107,-104.560265,ML 5521,CIGAR,04/06/2016,,NAD83_UTMZ13N
CL517,498,525699.518,6436613.909,474.601,58.07025511,-104.5643786,ML 5521,CIGAR,11/06/2016,,NAD83_UTMZ13N
CL518,488,525893.502,6436626.813,468.71,58.07035972,-104.561089,ML 5521,CIGAR,12/06/2016,,NAD83_UTMZ13N
CL519,561,526501.866,6436626.757,476.914,58.07032328,-104.5507769,ML 5521,CIGAR,11/06/2016,,NAD83_UTMZ13N
CL520,489,525699.525,6436613.89,474.398,58.07025494,-104.5643784,ML 5521,CIGAR,17/06/2016,,NAD83_UTMZ13N
CL521A,491,525990.626,6436612.811,466.087,58.07022828,-104.5594442,ML 5521,CIGAR,19/06/2016,,NAD83_UTMZ13N
CL522A_1,491,525870.834,6436598.552,471.74,58.07010722,-104.5614763,ML 5521,CIGAR,23/06/2016,,NAD83_UTMZ13N
CL523,519,525727.314,6436610.277,475.854,58.07022088,-104.5639078,ML 5521,CIGAR,23/06/2016,,NAD83_UTMZ13N
CL523_1,489,525727.314,6436610.277,475.854,58.07022088,-104.5639078,ML 5521,CIGAR,30/06/2016,,NAD83_UTMZ13N
CL524,488,525972.889,6436589.229,466.221,58.07001751,-104.5597475,ML 5521,CIGAR,25/06/2016,,NAD83_UTMZ13N
CL525,491,525799.136,6436612.303,473.617,58.0702349,-104.5626901,ML 5521,CIGAR,27/06/2016,,NAD83_UTMZ13N
CL525_1,500,525799.136,6436612.303,473.617,58.0702349,-104.5626901,ML 5521,CIGAR,05/07/2016,,NAD83_UTMZ13N
CL526_2,500,525972.978,6436589.256,466.711,58.07001775,-104.559746,ML 5521,CIGAR,06/07/2016,,NAD83_UTMZ13N
CL526_3,509,525972.978,6436589.256,466.711,58.07001775,-104.559746,ML 5521,CIGAR,20/07/2016,,NAD83_UTMZ13N
CL527,500,525843.783,6436585.099,475.569,58.06998796,-104.5619363,ML 5521,CIGAR,13/07/2016,,NAD83_UTMZ13N
CL528,508,526268.72,6436631.001,464.111,58.07037527,-104.5547284,ML 5521,CIGAR,18/07/2016,,NAD83_UTMZ13N
CL529A_1,509,525991.687,6436613.871,466.087,58.07023774,-104.5594261,ML 5521,CIGAR,02/08/2016,,NAD83_UTMZ13N
CL529A_2,494,525991.687,6436613.871,466.087,58.07023774,-104.5594261,ML 5521,CIGAR,05/08/2016,,NAD83_UTMZ13N
CL530A,508,526326.002,6436637.639,464.144,58.07043149,-104.5537567,ML 5521,CIGAR,29/07/2016,,NAD83_UTMZ13N
CL531_1,508,526240.779,6436628.387,464.11,58.07035345,-104.5552023,ML 5521,CIGAR,09/08/2016,,NAD83_UTMZ13N
CL532,500,525988.188,6436621.224,466.075,58.07030399,-104.5594846,ML 5521,CIGAR,12/08/2016,,NAD83_UTMZ13N
CL532_1,506,525988.188,6436621.224,466.075,58.07030399,-104.5594846,ML 5521,CIGAR,19/08/2016,,NAD83_UTMZ13N
CL533,511,526127.383,6436620.556,464.102,58.07028981,-104.5571253,ML 5521,CIGAR,13/08/2016,,NAD83_UTMZ13N
CL534A,502,526124.151,6436620.691,464.11,58.07029121,-104.55718,ML 5521,CIGAR,22/08/2016,,NAD83_UTMZ13N
CL535,509,525983.839,6436618.943,466.06,58.07028375,-104.5595586,ML 5521,CIGAR,25/08/2016,,NAD83_UTMZ13N
CL536,490,526129.145,6436600.161,464.1,58.07010652,-104.5570977,ML 5521,CIGAR,31/08/2016,,NAD83_UTMZ13N
CL537,31,526264.713,6436568.791,464.1,58.06981676,-104.5548032,ML 5521,CIGAR,07/09/2016,,NAD83_UTMZ13N
CL537A,520,526254.938,6436599.78,464.1,58.07009567,-104.5549655,ML 5521,CIGAR,08/09/2016,,NAD83_UTMZ13N
CL538,525,525645.23,6436619.72,475.02,58.07031045,-104.5652981,ML 5521,CIGAR,07/09/2016,08/09/2016,NAD83_UTMZ13N
WC____234___,575,532563,6463094,483,58.30763165,-104.4443412,S-106546,WATERBURY NORTH,16/01/2002,25/01/2002,NAD83_UTMZ13N
WC____235___,575,531457,6460969,475,58.28862709,-104.4635025,S-106546,WATERBURY NORTH,26/01/2002,01/02/2002,NAD83_UTMZ13N
WC____236___,452,530859.85,6437437.87,453.54,58.07732648,-104.4768007,S-106557,EASTERN CIGAR TREND,18/02/2003,23/02/2003,NAD83_UTMZ13N
WC____237___,443,530858.58,6436786.06,453.2,58.07147228,-104.4769079,S-106557,EASTERN CIGAR TREND,25/02/2003,03/03/2003,NAD83_UTMZ13N
WC____238___,440,532060,6436787,454,58.07139549,-104.4565426,S-106559,EASTERN CIGAR TREND,04/03/2003,09/03/2003,NAD83_UTMZ13N
WC____239___,455,529661,6437004,457.3,58.07351146,-104.4971805,S-106557,EASTERN CIGAR TREND,10/03/2003,15/03/2003,NAD83_UTMZ13N
WC____240___,25.5,528461.285,6436928.596,470.165,58.07291285,-104.5175272,S-106557,CIGAR EAST,12/01/2005,14/01/2005,NAD83_UTMZ13N
WC____240A__,570,528462.54,6436928.978,470.161,58.0729162,-104.5175059,S-106557,CIGAR EAST,14/01/2005,21/01/2005,NAD83_UTMZ13N
WC____241___,552,528267.876,6436852.426,483.552,58.07224109,-104.520815,S-106557,CIGAR EAST,22/01/2005,28/01/2005,NAD83_UTMZ13N
WC____242___,558,528168.778,6436834.356,487.497,58.0720851,-104.522497,S-106557,CIGAR EAST,28/01/2005,04/02/2005,NAD83_UTMZ13N
WC____243___,642.2,528168.42,6436832.868,487.792,58.07207176,-104.5225032,S-106557,CIGAR EAST,11/06/2006,20/06/2006,NAD83_UTMZ13N
WC____244___,585,528162.463,6436701.504,495.325,58.07089227,-104.52262,S-106557,CIGAR EAST,21/06/2006,27/06/2006,NAD83_UTMZ13N
WC____245___,579,528267.937,6436714.405,493.584,58.07100143,-104.5208305,S-106557,CIGAR EAST,28/06/2006,03/07/2006,NAD83_UTMZ13N
WC____246___,561,528067.672,6436678.001,499.282,58.07068719,-104.5242295,S-106557,CIGAR EAST,03/07/2006,08/07/2006,NAD83_UTMZ13N
WC____247___,501,528257.57,6436791.505,490.655,58.07169458,-104.520997,S-106557,CIGAR EAST,09/07/2006,13/07/2006,NAD83_UTMZ13N
WC____248___,585,528355.866,6436696.192,483.885,58.07083224,-104.5193423,S-106557,CIGAR EAST,14/07/2006,20/07/2006,NAD83_UTMZ13N
WC____249___,621.75,526742.49,6437668.2,483.074,58.07966273,-104.5465796,S-106556,TIBIA LAKE,21/07/2006,27/07/2006,NAD83_UTMZ13N
WC____250___,456,527261.694,6436638.93,489.314,58.07038655,-104.537896,ML 5521,CIGAR,14/04/2007,20/04/2007,NAD83_UTMZ13N
WC____251___,455,527331.635,6436639.109,488.909,58.07038385,-104.5367104,ML 5521,CIGAR,21/04/2007,28/04/2007,NAD83_UTMZ13N
WC____252___,480,526932.11,6437076.655,487.05,58.07433819,-104.5434324,ML 5521,CIGAR,05/05/2007,12/05/2007,NAD83_UTMZ13N
WC____253___,462,527772.121,6436994.555,480.584,58.07354897,-104.5292019,ML 5521,CIGAR,13/05/2007,21/05/2007,NAD83_UTMZ13N
WC____254___,469,526945.575,6436243.527,485.877,58.06685449,-104.5432997,ML 5521,CIGAR,21/04/2007,04/05/2007,NAD83_UTMZ13N
WC____255___,471,527599.641,6436142.182,485.863,58.06590402,-104.5322259,S-106558,CIGAR,05/05/2007,12/05/2007,NAD83_UTMZ13N
WC____256___,453,527266.559,6436639.148,489.499,58.07038821,-104.5378135,ML 5521,CIGAR,30/04/2007,04/05/2007,NAD83_UTMZ13N
WC____257___,512,528159.459,6436751.097,493.607,58.07133789,-104.5226649,S-106557,CIGAR EAST,09/06/2007,16/06/2007,NAD83_UTMZ13N
WC____258___,141,528159.4,6436750.5,493.6,58.07133253,-104.522666,S-106557,CIGAR EAST,17/06/2007,20/06/2007,NAD83_UTMZ13N
WC____258A__,533,528161.536,6436740.204,493.84,58.07123992,-104.522631,S-106557,CIGAR EAST,21/06/2007,29/06/2007,NAD83_UTMZ13N
WC____259___,503,528257.479,6436796.018,490.149,58.07173512,-104.520998,S-106557,CIGAR EAST,30/06/2007,06/07/2007,NAD83_UTMZ13N
WC____260___,506,528219.033,6436782.898,490.592,58.07161973,-104.5216513,S-106557,CIGAR EAST,07/07/2007,12/07/2007,NAD83_UTMZ13N
WC____261___,521,528356.644,6436808.507,487.25,58.07184096,-104.5193155,S-106557,CIGAR EAST,13/07/2007,20/07/2007,NAD83_UTMZ13N
WC____262___,510,528123.881,6436754.182,495.428,58.07136786,-104.5232676,S-106557,CIGAR EAST,20/07/2007,26/07/2007,NAD83_UTMZ13N
WC____263___,545.3,528073.942,6436596.5,498.059,58.06995478,-104.524133,S-106557,CIGAR EAST,26/07/2007,02/08/2007,NAD83_UTMZ13N
WC____264___,497,528307.186,6436811.485,489.046,58.07187087,-104.5201535,S-106557,CIGAR EAST,02/08/2007,08/08/2007,NAD83_UTMZ13N
WC____265___,593,526878.316,6437714.496,476.901,58.08007033,-104.5442714,S-106556,TIBIA LAKE,09/08/2007,16/08/2007,NAD83_UTMZ13N
WC____266___,588,526616.953,6437757.505,498.916,58.08047239,-104.5486979,S-106556,TIBIA LAKE,17/08/2007,24/08/2007,NAD83_UTMZ13N
WC____267___,594.2,526652.609,6437795.029,497.922,58.08080728,-104.5480891,S-106556,TIBIA LAKE,24/08/2007,30/08/2007,NAD83_UTMZ13N
WC____268___,482,527099.934,6436503.994,488.733,58.06918451,-104.5406535,ML 5521,CIGAR,13/09/2007,29/09/2007,NAD83_UTMZ13N
WC____269___,479,527298.309,6436424.699,490.149,58.06846015,-104.5373002,ML 5521,CIGAR,03/09/2007,13/09/2007,NAD83_UTMZ13N
WC____270___,479,527366.543,6436622.05,489.503,58.07022848,-104.5361207,ML 5521,CIGAR,21/10/2007,03/11/2007,NAD83_UTMZ13N
WC____271___,353,527555.973,6436647.055,503.711,58.07044133,-104.5329068,ML 5521,CIGAR,21/09/2007,28/09/2007,NAD83_UTMZ13N
WC____271A__,491.43,527546.002,6436646.648,503.375,58.0704383,-104.5330759,ML 5521,CIGAR,29/09/2007,10/10/2007,NAD83_UTMZ13N
WC____272___,470.58,527427.186,6436857.937,474.289,58.07234339,-104.5350652,ML 5521,CIGAR,05/10/2007,18/10/2007,NAD83_UTMZ13N
WC____273___,514,527017.333,6436868.041,495.241,58.0724593,-104.5420117,ML 5521,CIGAR,15/10/2007,02/11/2007,NAD83_UTMZ13N
WC____274___,457.5,527239.787,6436516.654,488.818,58.06928965,-104.5382815,ML 5521,CIGAR,23/09/2007,07/10/2007,NAD83_UTMZ13N
WC____275___,158,527227.677,6436264.387,494.303,58.06702462,-104.538516,ML 5521,CIGAR,16/10/2007,21/10/2007,NAD83_UTMZ13N
WC____275A__,530,527238.471,6436264.119,494.446,58.06702155,-104.5383331,ML 5521,CIGAR,10/10/2007,28/11/2007,NAD83_UTMZ13N
WC____275B__,545,527238.471,6436264.119,494.446,58.06702155,-104.5383331,ML 5521,CIGAR,29/11/2007,01/12/2007,NAD83_UTMZ13N
WC____276___,456.5,527300.736,6436530.24,489.09,58.06940793,-104.5372468,ML 5521,CIGAR,06/10/2007,15/10/2007,NAD83_UTMZ13N
WC____277___,486,527286.497,6436402.376,491.459,58.06826037,-104.537503,ML 5521,CIGAR,14/11/2007,10/12/2007,NAD83_UTMZ13N
WC____278___,482,527404.438,6436609.649,494.786,58.07011476,-104.5354798,ML 5521,CIGAR,01/11/2007,14/11/2007,NAD83_UTMZ13N
WC____278A__,581.95,527404.438,6436609.649,494.786,58.07011476,-104.5354798,ML 5521,CIGAR,11/12/2007,16/12/2007,NAD83_UTMZ13N
WC____279___,281,527382.479,6436390.109,499,58.06814428,-104.5358776,ML 5521,CIGAR,23/02/2008,09/03/2008,NAD83_UTMZ13N
WC____280___,464,527188.159,6436574.709,488.67,58.06981425,-104.5391499,ML 5521,CIGAR,13/03/2008,02/04/2008,NAD83_UTMZ13N
WC____280A__,467.5,527188.159,6436574.709,488.67,58.06981425,-104.5391499,ML 5521,CIGAR,05/04/2008,08/04/2008,NAD83_UTMZ13N
WC____280B__,464,527188.159,6436574.709,488.67,58.06981425,-104.5391499,ML 5521,CIGAR,13/04/2008,27/04/2008,NAD83_UTMZ13N
WC____280C__,449,527188.159,6436574.709,488.67,58.06981425,-104.5391499,ML 5521,CIGAR,28/04/2008,28/05/2008,NAD83_UTMZ13N
WC____280D__,482,527188.159,6436574.709,488.67,58.06981425,-104.5391499,ML 5521,CIGAR,06/05/2008,10/05/2008,NAD83_UTMZ13N
WC____280E__,494,527188.159,6436574.709,488.67,58.06981425,-104.5391499,ML 5521,CIGAR,10/05/2008,01/06/2008,NAD83_UTMZ13N
WC____281___,478,527110.029,6436549.369,488.69,58.06959144,-104.5404771,ML 5521,CIGAR,15/01/2008,07/02/2008,NAD83_UTMZ13N
WC____281A__,480,527110.029,6436549.369,488.69,58.06959144,-104.5404771,ML 5521,CIGAR,23/02/2008,09/03/2008,NAD83_UTMZ13N
WC____282___,492.2,527325.249,6436685.119,489.17,58.07079749,-104.5368133,ML 5521,CIGAR,09/01/2008,06/02/2008,NAD83_UTMZ13N
WC____283___,467,527110.029,6436549.369,488.69,58.06959144,-104.5404771,ML 5521,CIGAR,09/03/2008,02/04/2008,NAD83_UTMZ13N
WC____284___,497,527203.179,6436262.429,492,58.06700854,-104.5389314,ML 5521,CIGAR,05/04/2008,01/05/2008,NAD83_UTMZ13N
WC____284A__,382,527203.179,6436262.429,492,58.06700854,-104.5389314,ML 5521,CIGAR,10/05/2008,19/05/2008,NAD83_UTMZ13N
WC____285___,479,527187.459,6436576.899,488.67,58.06983397,-104.5391615,ML 5521,CIGAR,07/06/2008,21/06/2008,NAD83_UTMZ13N
WC____286___,323,527198.029,6436246.039,492.3,58.06686164,-104.5390206,ML 5521,CIGAR,20/05/2008,23/05/2008,NAD83_UTMZ13N
WC____286A__,506,527198.029,6436246.039,492.3,58.06686164,-104.5390206,ML 5521,CIGAR,23/05/2008,19/06/2008,NAD83_UTMZ13N
WC____287___,522,528426.47,6436798.54,482.168,58.07174697,-104.5181331,S-106557,CIGAR EAST,27/05/2008,03/06/2008,NAD83_UTMZ13N
WC____288___,540,528429.232,6436803.916,482.01,58.07179508,-104.5180856,S-106557,CIGAR EAST,03/06/2008,08/06/2008,NAD83_UTMZ13N
WC____289___,481.5,528429.054,6436803.446,481.891,58.07179087,-104.5180887,S-106557,CIGAR EAST,08/06/2008,13/06/2008,NAD83_UTMZ13N
WC____290___,555,528124.356,6436762.157,495.002,58.07143945,-104.5232586,S-106557,CIGAR EAST,14/06/2008,19/06/2008,NAD83_UTMZ13N
WC____291___,576,527973.674,6436727.463,490.92,58.07113738,-104.525817,S-106557,CIGAR EAST,19/06/2008,28/06/2008,NAD83_UTMZ13N
WC____292___,164,527187.459,6436576.679,488.67,58.06983199,-104.5391615,ML 5521,CIGAR,22/06/2008,30/06/2008,NAD83_UTMZ13N
WC____293___,63,527973.674,6436727.463,490.92,58.07113738,-104.525817,S-106557,CIGAR EAST,28/06/2008,01/07/2008,NAD83_UTMZ13N
WC____293A__,40,527973.719,6436726.537,490.987,58.07112906,-104.5258163,S-106557,CIGAR EAST,01/07/2008,02/07/2008,NAD83_UTMZ13N
WC____293B__,543,527974.181,6436723.7,491.347,58.07110355,-104.5258088,S-106557,CIGAR EAST,20/07/2008,27/07/2008,NAD83_UTMZ13N
WC____294___,461,527187.419,6436575.469,488.81,58.06982112,-104.5391623,ML 5521,CIGAR,02/07/2008,07/08/2008,NAD83_UTMZ13N
WC____295___,546,527866.287,6436733.92,494.121,58.07120213,-104.5276365,ML 5521,CIGAR EAST,27/07/2008,02/08/2008,NAD83_UTMZ13N
WC____296___,558,527866.287,6436733.92,494.121,58.07120213,-104.5276365,ML 5521,CIGAR EAST,02/08/2008,06/08/2008,NAD83_UTMZ13N
WC____297___,537,528398.035,6436747.329,483.28,58.07128883,-104.5186213,S-106557,CIGAR EAST,06/08/2008,11/08/2008,NAD83_UTMZ13N
WC____298___,546,526924.262,6437645.55,479.616,58.07944829,-104.5435003,S-106556,TIBIA LAKE,11/08/2008,16/08/2008,NAD83_UTMZ13N
WC____299___,564,526948.684,6437608.511,480.075,58.07911413,-104.5430904,S-106556,TIBIA LAKE,16/08/2008,21/08/2008,NAD83_UTMZ13N
WC____300___,524,527025.371,6437657.517,479.1,58.07954962,-104.5417846,S-106556,TIBIA LAKE,21/08/2008,26/08/2008,NAD83_UTMZ13N
WC____301___,560.4,527758.208,6436697.837,503.382,58.07088483,-104.5294728,ML 5521,CIGAR EAST,28/05/2009,01/06/2009,NAD83_UTMZ13N
WC____302___,552.7,527768.063,6436619.391,499.947,58.07017964,-104.529315,ML 5521,CIGAR EAST,01/06/2009,06/06/2009,NAD83_UTMZ13N
WC____303___,564,527865.782,6436627.602,495.351,58.07024725,-104.5276577,ML 5521,CIGAR EAST,06/06/2009,10/06/2009,NAD83_UTMZ13N
WC____304___,567,527970.531,6436634.305,498.665,58.07030086,-104.5258814,S-106557,CIGAR EAST,11/06/2009,15/06/2009,NAD83_UTMZ13N
WC____305___,573,527866.336,6436781.152,493.513,58.07162635,-104.5276301,ML 5521,CIGAR EAST,15/06/2009,19/06/2009,NAD83_UTMZ13N
WC____306___,603,528179.196,6436642.724,496.68,58.07036327,-104.5223434,S-106557,CIGAR EAST,19/06/2009,25/06/2009,NAD83_UTMZ13N
WC____307___,552,528502.55,6436651.276,456.856,58.07041941,-104.5168613,S-106557,CIGAR EAST,26/06/2009,30/06/2009,NAD83_UTMZ13N
WC____308___,543,528502.55,6436651.276,456.856,58.07041941,-104.5168613,S-106557,CIGAR EAST,30/06/2009,04/07/2009,NAD83_UTMZ13N
WC____309___,534,528502.55,6436651.276,456.856,58.07041941,-104.5168613,S-106557,CIGAR EAST,05/07/2009,08/07/2009,NAD83_UTMZ13N
WC____310___,549,528502.55,6436651.276,456.856,58.07041941,-104.5168613,S-106557,CIGAR EAST,09/07/2009,12/07/2009,NAD83_UTMZ13N
WC____311___,600,528388.979,6436408.996,458.184,58.06825063,-104.5188157,S-106557,CIGAR EAST,13/07/2009,16/07/2009,NAD83_UTMZ13N
WC____312___,507,529482.789,6436825.161,457.23,58.07191709,-104.500224,S-106557,EASTERN CIGAR TREND,17/07/2009,20/07/2009,NAD83_UTMZ13N
WC____313___,525,529431.42,6436771.459,456.37,58.07143817,-104.5011015,S-106557,EASTERN CIGAR TREND,20/07/2009,24/07/2009,NAD83_UTMZ13N
WC____314___,554.1,527214.893,6437513.534,463.644,58.07824482,-104.5385879,S-106556,TIBIA LAKE,24/07/2009,28/07/2009,NAD83_UTMZ13N
WC____315___,549,527214.893,6437513.534,463.644,58.07824482,-104.5385879,S-106556,TIBIA LAKE,28/07/2009,31/07/2009,NAD83_UTMZ13N
WC____316___,534,527214.893,6437513.534,463.644,58.07824482,-104.5385879,S-106556,TIBIA LAKE,31/07/2009,03/08/2009,NAD83_UTMZ13N
WC____317___,543,527066.06,6437606.213,478.439,58.07908634,-104.5411006,S-106556,TIBIA LAKE,04/08/2009,07/08/2009,NAD83_UTMZ13N
WC____318___,573,526725.499,6437883.047,492.958,58.08159343,-104.5468432,S-106556,TIBIA LAKE,07/08/2009,11/08/2009,NAD83_UTMZ13N
WC____319___,564,527865.922,6436627.395,495.412,58.07024539,-104.5276553,ML 5521,CIGAR EAST,12/08/2009,16/08/2009,NAD83_UTMZ13N
WC____320___,417,526555.559,6436658.419,481.75,58.07060444,-104.5498632,ML 5521,CIGAR,22/08/2009,31/08/2009,NAD83_UTMZ13N
WC____321___,582,524143.662,6448673.264,503.368,58.17865544,-104.5895076,S-106551,ANDREW LAKE,15/01/2010,25/01/2010,NAD83_UTMZ13N
WC____322___,633,523216.211,6447891.104,493.036,58.17168014,-104.6053541,S-106550,ANDREW LAKE,27/01/2010,05/02/2010,NAD83_UTMZ13N
WC____323___,594.6,523583.814,6449642.215,473.187,58.18738841,-104.5989282,S-106551,ANDREW LAKE,05/02/2010,09/02/2010,NAD83_UTMZ13N
WC____324___,639,523706,6449431,481,58.18548482,-104.5968718,S-106551,ANDREW LAKE,09/02/2010,16/02/2010,NAD83_UTMZ13N
WC____325___,417,526520.618,6420574.03,464.812,57.92614005,-104.5522623,S-106564,JIGGER,17/02/2010,20/02/2010,NAD83_UTMZ13N
WC____326___,470.4,526520.618,6420574.03,464.812,57.92614005,-104.5522623,S-106564,JIGGER,20/02/2010,24/02/2010,NAD83_UTMZ13N
WC____327___,465.5,526229,6420182,466,57.92263613,-104.5572289,S-106564,JIGGER,24/02/2010,28/02/2010,NAD83_UTMZ13N
WC____328___,498,526229,6420182,466,57.92263613,-104.5572289,S-106564,JIGGER,28/02/2010,06/03/2010,NAD83_UTMZ13N
WC____329___,430.9,528997.147,6436847.912,452.85,58.07215345,-104.5084534,S-106557,EASTERN CIGAR TREND,06/03/2010,10/03/2010,NAD83_UTMZ13N
WC____330___,492,529000.52,6436556.815,452.911,58.06953871,-104.5084321,S-106557,EASTERN CIGAR TREND,10/03/2010,14/03/2010,NAD83_UTMZ13N
WC____331___,517.8,528771.357,6436548.019,454.146,58.06947464,-104.5123175,S-106557,CIGAR EAST,15/03/2010,18/03/2010,NAD83_UTMZ13N
WC____332___,603,528377.902,6436314.66,456.619,58.06740404,-104.5190148,S-106557,CIGAR EAST,18/03/2010,24/03/2010,NAD83_UTMZ13N
WC____333___,565.9,528377.902,6436314.66,456.619,58.06740404,-104.5190148,S-106557,CIGAR EAST,24/03/2010,29/03/2010,NAD83_UTMZ13N
WC____334___,570,528378.825,6436314.375,456.568,58.06740142,-104.5189992,S-106557,CIGAR EAST,29/03/2010,03/04/2010,NAD83_UTMZ13N
WC____335___,561,528320.409,6436455.394,458.722,58.06867174,-104.5199723,S-106557,CIGAR EAST,03/04/2010,07/04/2010,NAD83_UTMZ13N
WC____336___,465,526943.779,6436755.029,495.07,58.07144874,-104.5432715,ML 5521,CIGAR,12/04/2010,22/04/2010,NAD83_UTMZ13N
WC____337___,464.7,526943.779,6436733.229,495.03,58.07125294,-104.543274,ML 5521,CIGAR,23/04/2010,01/05/2010,NAD83_UTMZ13N
WC____337A__,465,526943.8,6436733.2,495.03,58.07125268,-104.5432736,ML 5521,CIGAR,02/05/2010,09/05/2010,NAD83_UTMZ13N
WC____337B__,464.5,526943.8,6436733.2,495,58.07125268,-104.5432736,ML 5521,CIGAR,25/01/2011,25/01/2011,NAD83_UTMZ13N
WC____338___,465.5,526946.7,6436703.9,493.53,58.07098934,-104.5432278,ML 5521,CIGAR,10/05/2010,20/05/2010,NAD83_UTMZ13N
WC____338A__,465,526946.7,6436703.9,493.53,58.07098934,-104.5432278,ML 5521,CIGAR,25/01/2011,25/01/2011,NAD83_UTMZ13N
WC____339___,490,527393.7,6436457.9,501,58.06875246,-104.5356795,ML 5521,CIGAR,20/05/2010,22/05/2010,NAD83_UTMZ13N
WC____340___,464.3,527543.7,6436722.9,503.6,58.07112331,-104.533106,ML 5521,CIGAR,22/05/2010,28/05/2010,NAD83_UTMZ13N
WC____341___,464.7,527543.7,6436747.9,499.8,58.07134785,-104.533103,ML 5521,CIGAR,30/05/2010,06/06/2010,NAD83_UTMZ13N
WC____341A__,465,527543.7,6436747.9,499.8,58.07134785,-104.533103,ML 5521,CIGAR,07/06/2010,12/06/2010,NAD83_UTMZ13N
WC____341B__,464.8,527543.279,6436748.829,499.65,58.07135622,-104.5331101,ML 5521,CIGAR,13/12/2010,13/12/2010,NAD83_UTMZ13N
WC____342___,464.5,527543.7,6436787.9,499.8,58.07170712,-104.5330983,ML 5521,CIGAR,12/06/2010,18/06/2010,NAD83_UTMZ13N
WC____342A__,464.5,527543.7,6436772.9,491.1,58.07157239,-104.5331001,ML 5521,CIGAR,18/06/2010,23/06/2010,NAD83_UTMZ13N
WC____342B__,465.2,527543.474,6436787.839,496.906,58.07170658,-104.5331022,ML 5521,CIGAR,13/12/2010,13/12/2010,NAD83_UTMZ13N
WC____343___,490,527118.7,6436859.4,494.73,58.0723755,-104.5402944,ML 5521,CIGAR,24/06/2010,29/06/2010,NAD83_UTMZ13N
WC____344___,500.9,527168.7,6436792.9,487.97,58.07177516,-104.5394545,ML 5521,CIGAR,30/06/2010,05/07/2010,NAD83_UTMZ13N
WC____345___,490,527346.7,6436397.9,500,58.06821646,-104.5364831,ML 5521,CIGAR,06/07/2010,12/07/2010,NAD83_UTMZ13N
WC____346___,491.7,527418.7,6436547.9,500,58.06955927,-104.5352453,ML 5521,CIGAR,10/07/2010,15/07/2010,NAD83_UTMZ13N
WC____347___,464.7,527493.7,6436732.9,494,58.07121623,-104.5339523,ML 5521,CIGAR,22/07/2010,26/07/2010,NAD83_UTMZ13N
WC____347A__,464.7,527493.7,6436732.9,494,58.07121623,-104.5339523,ML 5521,CIGAR,27/07/2010,02/08/2010,NAD83_UTMZ13N
WC____348___,464.5,527493.7,6436792.9,486,58.07175513,-104.5339453,ML 5521,CIGAR,03/08/2010,07/08/2010,NAD83_UTMZ13N
WC____348A__,464.5,527493.7,6436792.9,486,58.07175513,-104.5339453,ML 5521,CIGAR,08/08/2010,14/08/2010,NAD83_UTMZ13N
WC____349___,465,527443.7,6436787.9,481,58.07171332,-104.5347935,ML 5521,CIGAR,15/08/2010,22/08/2010,NAD83_UTMZ13N
WC____349A__,465,527443.7,6436787.9,481,58.07171332,-104.5347935,ML 5521,CIGAR,22/08/2010,27/08/2010,NAD83_UTMZ13N
WC____350___,465,527443.7,6436737.9,489,58.07126424,-104.5347993,ML 5521,CIGAR,27/08/2010,30/08/2010,NAD83_UTMZ13N
WC____350A__,465,527443.124,6436737.465,485.939,58.07126037,-104.5348091,ML 5521,CIGAR,17/11/2010,17/11/2010,NAD83_UTMZ13N
WC____351___,464.5,527543.566,6436707.826,502.508,58.07098793,-104.53311,ML 5521,CIGAR,03/09/2010,07/09/2010,NAD83_UTMZ13N
WC____352___,465,527393.8,6436704.8,484.024,58.07097003,-104.535649,ML 5521,CIGAR,25/01/2011,25/01/2011,NAD83_UTMZ13N
WC____352A__,465.7,527393.8,6436705.8,484.024,58.07097901,-104.5356489,ML 5521,CIGAR,25/01/2011,25/01/2011,NAD83_UTMZ13N
WC____353___,465,527006.379,6436743.068,496.072,58.07133751,-104.5422117,ML 5521,CIGAR,13/12/2010,13/12/2010,NAD83_UTMZ13N
WC____353A__,465,527006.4,6436743.1,495.072,58.07133779,-104.5422114,ML 5521,CIGAR,25/01/2011,25/01/2011,NAD83_UTMZ13N
WC____354___,465,527066.3,6436752.9,493.371,58.07142216,-104.5411949,ML 5521,CIGAR,25/01/2011,25/01/2011,NAD83_UTMZ13N
WC____354A__,465,527066.3,6436752.9,493.371,58.07142216,-104.5411949,ML 5521,CIGAR,25/01/2011,25/01/2011,NAD83_UTMZ13N
WC____354B__,465,527066.3,6436752.9,493.371,58.07142216,-104.5411949,ML 5521,CIGAR,25/01/2011,25/01/2011,NAD83_UTMZ13N
WC____354C__,465,527066.267,6436752.936,493.371,58.07142248,-104.5411954,ML 5521,CIGAR,25/01/2011,25/01/2011,NAD83_UTMZ13N
WC____355___,465,527006.179,6436732.929,495,58.07124645,-104.5422163,ML 5521,CIGAR,25/01/2011,25/01/2011,NAD83_UTMZ13N
WC____355A__,465,527006.179,6436732.929,495,58.07124645,-104.5422163,ML 5521,CIGAR,25/01/2011,25/01/2011,NAD83_UTMZ13N
WC____356___,465,526917.832,6436727.149,493.445,58.07119991,-104.5437145,ML 5521,CIGAR,25/01/2011,25/01/2011,NAD83_UTMZ13N
WC____356A__,465,526917.832,6436727.149,493.445,58.07119991,-104.5437145,ML 5521,CIGAR,25/01/2011,25/01/2011,NAD83_UTMZ13N
WC____357___,465,526918.666,6436742.948,493.377,58.07134176,-104.5436986,ML 5521,CIGAR,25/01/2011,25/01/2011,NAD83_UTMZ13N
WC____357A__,464.5,526918.666,6436742.948,493.377,58.07134176,-104.5436986,ML 5521,CIGAR,25/01/2011,25/01/2011,NAD83_UTMZ13N
WC____358___,464.5,526918.815,6436743.578,493.783,58.07134741,-104.543696,ML 5521,CIGAR,25/01/2011,25/01/2011,NAD83_UTMZ13N
WC____359___,464.5,526893.679,6436737.929,496.1,58.0712982,-104.5441227,ML 5521,CIGAR,25/01/2011,25/01/2011,NAD83_UTMZ13N
WC____359A__,464.5,526893.679,6436737.929,496.1,58.0712982,-104.5441227,ML 5521,CIGAR,25/01/2011,25/01/2011,NAD83_UTMZ13N
WC____360___,465,526868.437,6436730.64,491.3,58.07123426,-104.5445514,ML 5521,CIGAR,25/01/2011,25/01/2011,NAD83_UTMZ13N
WC____361___,464.3,527393.679,6436727.929,483,58.07117777,-104.5356484,ML 5521,CIGAR,28/01/2011,03/02/2011,NAD83_UTMZ13N
WC____362___,464.5,527543.679,6436712.929,501,58.07103376,-104.5331075,ML 5521,CIGAR,05/02/2011,10/02/2011,NAD83_UTMZ13N
WC____362A__,464.5,527543.679,6436712.929,501,58.07103376,-104.5331075,ML 5521,CIGAR,10/02/2011,14/02/2011,NAD83_UTMZ13N
WC____363___,464.5,527443.179,6436733.929,485.94,58.0712286,-104.5348086,ML 5521,CIGAR,16/02/2011,25/02/2011,NAD83_UTMZ13N
WC____364___,464.5,527493.205,6436726.235,494.39,58.0711564,-104.5339615,ML 5521,CIGAR,25/02/2011,03/03/2011,NAD83_UTMZ13N
WC____365___,465,527531.179,6436711.129,499.11,58.07101837,-104.5333196,ML 5521,CIGAR,04/03/2011,17/03/2011,NAD83_UTMZ13N
WC____365A__,465.5,527531.49,6436711.1,499.11,58.07101809,-104.5333143,ML 5521,CIGAR,17/03/2011,22/03/2011,NAD83_UTMZ13N
WC____366___,464.6,527530.179,6436747.929,494,58.07134895,-104.5333322,ML 5521,CIGAR,23/03/2011,01/04/2011,NAD83_UTMZ13N
WC____366A__,464.6,527531.179,6436747.929,494,58.07134889,-104.5333153,ML 5521,CIGAR,02/04/2011,07/04/2011,NAD83_UTMZ13N
WC____367___,509.6,527518.844,6436702.909,499.035,58.0709453,-104.5335296,ML 5521,CIGAR,01/01/2011,01/01/2011,NAD83_UTMZ13N
WC____368___,464.5,527148.602,6436799.641,489.48,58.07183694,-104.5397944,ML 5521,CIGAR,01/01/2011,01/01/2011,NAD83_UTMZ13N
WC____368A__,465,527148.602,6436799.641,489.48,58.07183694,-104.5397944,ML 5521,CIGAR,01/01/2011,01/01/2011,NAD83_UTMZ13N
WC____369___,464.5,527043.397,6436757.132,493.043,58.07146157,-104.5415826,ML 5521,CIGAR,01/01/2011,01/01/2011,NAD83_UTMZ13N
WC____370___,476.5,527129.183,6436856.944,494.135,58.0723528,-104.5401169,ML 5521,CIGAR,01/01/2011,01/01/2011,NAD83_UTMZ13N
WC____371___,495.05,525739.949,6436601.479,475.59,58.07014112,-104.5636946,ML 5521,CIGAR,01/01/2011,01/01/2011,NAD83_UTMZ13N
WC____372___,498,525690.999,6436631.019,473.69,58.07040928,-104.5645211,ML 5521,CIGAR,01/01/2011,01/01/2011,NAD83_UTMZ13N
WC____373___,498.05,525791.239,6436631.449,473.03,58.07040732,-104.5628219,ML 5521,CIGAR,01/01/2011,01/01/2011,NAD83_UTMZ13N
WC____374-1_,570.05,525865.909,6436495.539,474.14,58.06918227,-104.5615712,ML 5521,CIGAR,01/01/2011,01/01/2011,NAD83_UTMZ13N
WC____374___,397.6,525865.909,6436495.539,474.14,58.06918227,-104.5615712,ML 5521,CIGAR,01/01/2011,01/01/2011,NAD83_UTMZ13N
WC____375___,546.05,526007.959,6436516.179,467.8,58.06935935,-104.5591611,ML 5521,CIGAR,01/01/2011,01/01/2011,NAD83_UTMZ13N
WC____376-1_,450,525956.649,6436495.999,471.01,58.0691811,-104.5600331,ML 5521,CIGAR,01/01/2011,01/01/2011,NAD83_UTMZ13N
WC____376-2_,561,525956.649,6436495.999,471.01,58.0691811,-104.5600331,ML 5521,CIGAR,01/01/2011,01/01/2011,NAD83_UTMZ13N
WC____376___,216,525956.649,6436495.999,471.01,58.0691811,-104.5600331,ML 5521,CIGAR,01/01/2011,01/01/2011,NAD83_UTMZ13N
WC____377___,528,525995.689,6436614.659,465.93,58.07024458,-104.5593582,ML 5521,CIGAR,01/01/2011,01/01/2011,NAD83_UTMZ13N
WC____377A__,81,525995.689,6436614.659,465.93,58.07024458,-104.5593582,ML 5521,CIGAR,01/01/2011,01/01/2011,NAD83_UTMZ13N
WC____378___,546.05,525907.849,6436496.159,471.75,58.06918539,-104.5608602,ML 5521,CIGAR,01/01/2011,01/01/2011,NAD83_UTMZ13N
WC____378A__,18,525907.849,6436496.159,471.75,58.06918539,-104.5608602,ML 5521,CIGAR,01/01/2011,01/01/2011,NAD83_UTMZ13N
WC____379___,561,525764.889,6436494.139,477.22,58.06917558,-104.5632836,ML 5521,CIGAR,01/01/2011,01/01/2011,NAD83_UTMZ13N
WC____380___,452.3,526319.159,6420119.145,462.055,57.92206626,-104.5557139,S-106546,JIGGER,16/01/2011,24/01/2011,NAD83_UTMZ13N
WC____381___,507,526187.427,6419976.328,463.635,57.92079125,-104.5579534,S-106546,JIGGER,24/01/2011,31/01/2011,NAD83_UTMZ13N
WC____382___,462,526158.116,6419975.942,462.189,57.9207895,-104.5584482,S-106546,JIGGER,31/01/2011,04/02/2011,NAD83_UTMZ13N
WC____383___,528,526295.541,6419977.899,465.797,57.920799,-104.5561282,S-106546,JIGGER,04/02/2011,09/02/2011,NAD83_UTMZ13N
WC____384___,492,526181.63,6419511.73,470.89,57.91661861,-104.5581025,S-106546,JIGGER,09/02/2011,14/02/2011,NAD83_UTMZ13N
WC____385___,321,526120.367,6419507.649,468.475,57.91658555,-104.5591369,S-106546,JIGGER,15/02/2011,18/02/2011,NAD83_UTMZ13N
WC____386___,273,526145,6419203,462.75,57.91384778,-104.5587547,S-106546,JIGGER,18/02/2011,25/02/2011,NAD83_UTMZ13N
WC____387___,525,526148.015,6419200.647,462.75,57.91382647,-104.5587041,S-106546,JIGGER,22/02/2011,04/03/2011,NAD83_UTMZ13N
WC____388___,597,526321.419,6420116.576,462.792,57.92204305,-104.555676,S-106546,JIGGER,04/03/2011,13/03/2011,NAD83_UTMZ13N
WC____389___,594,528203.109,6436798.664,487.841,58.07176234,-104.5219193,S-106557,CIGAR EAST,14/03/2011,22/03/2011,NAD83_UTMZ13N
WC____390___,540,528301.36,6436810.179,487.276,58.07185951,-104.5202525,S-106557,CIGAR EAST,23/03/2011,29/03/2011,NAD83_UTMZ13N
WC____391___,48,527768.641,6436466.732,491.33,58.06880847,-104.5293233,ML 5521,CIGAR EAST,30/03/2011,31/03/2011,NAD83_UTMZ13N
WC____391A__,549.5,527768.48,6436466.15,490.93,58.06880325,-104.5293261,ML 5521,CIGAR EAST,31/03/2011,05/04/2011,NAD83_UTMZ13N
WC____392___,495,525983.689,6436657.129,467.06,58.07062674,-104.5595569,ML 5521,CIGAR,01/01/2011,01/01/2011,NAD83_UTMZ13N
WC____392A__,24,525983.205,6436660.669,465.137,58.07065856,-104.5595647,ML 5521,CIGAR,01/01/2011,01/01/2011,NAD83_UTMZ13N
WC____392B__,30,525983.205,6436660.669,465.137,58.07065856,-104.5595647,ML 5521,CIGAR,01/01/2011,01/01/2011,NAD83_UTMZ13N
WC____392C__,33,525983.205,6436660.669,465.137,58.07065856,-104.5595647,ML 5521,CIGAR,01/01/2011,01/01/2011,NAD83_UTMZ13N
WC____393___,487.05,525931.959,6436648.119,467.63,58.07054884,-104.5604348,ML 5521,CIGAR,01/01/2011,01/01/2011,NAD83_UTMZ13N
WC____393A__,79.1,525931.439,6436612.809,467.38,58.07023173,-104.5604475,ML 5521,CIGAR,01/01/2011,01/01/2011,NAD83_UTMZ13N
WC____394___,489,525739.399,6436669.689,471.68,58.0707538,-104.5636964,ML 5521,CIGAR,01/01/2011,01/01/2011,NAD83_UTMZ13N
WC____395___,501.1,525715.539,6436670.019,472.12,58.07075814,-104.5641008,ML 5521,CIGAR,01/01/2011,01/01/2011,NAD83_UTMZ13N
WC____396___,504,525665.17,6436671.125,474.369,58.070771,-104.5649545,ML 5521,CIGAR,01/01/2011,01/01/2011,NAD83_UTMZ13N
WC____397___,501.05,525693.779,6436660.519,472.54,58.07067408,-104.5644707,ML 5521,CIGAR,01/01/2011,01/01/2011,NAD83_UTMZ13N
WC____397A__,18,525693.779,6436660.519,472.54,58.07067408,-104.5644707,ML 5521,CIGAR,01/01/2011,01/01/2011,NAD83_UTMZ13N
WC____398___,492,525760.049,6436658.169,473.27,58.07064913,-104.5633477,ML 5521,CIGAR,01/01/2011,01/01/2011,NAD83_UTMZ13N
WC____399___,504,525704.399,6436644.439,472.13,58.07052904,-104.5642925,ML 5521,CIGAR,01/01/2011,01/01/2011,NAD83_UTMZ13N
WC____400___,492,525685.799,6436684.069,473.7,58.07088606,-104.5646034,ML 5521,CIGAR,01/01/2011,01/01/2011,NAD83_UTMZ13N
WC____401___,492,525679.379,6436651.789,473.17,58.0705965,-104.5647158,ML 5521,CIGAR,01/01/2011,01/01/2011,NAD83_UTMZ13N
WC____402___,480.05,526070.893,6436641.18,464.738,58.07047837,-104.5580805,ML 5521,CIGAR,01/01/2011,01/01/2011,NAD83_UTMZ13N
WC____403___,492.05,525656.225,6436660.624,474.577,58.0706772,-104.5651073,ML 5521,CIGAR,01/01/2011,01/01/2011,NAD83_UTMZ13N
WC____403A__,48,525656.225,6436660.624,474.577,58.0706772,-104.5651073,ML 5521,CIGAR,01/01/2011,01/01/2011,NAD83_UTMZ13N
WC____404___,477,526065.439,6436664.079,465.09,58.07068436,-104.5581704,ML 5521,CIGAR,01/01/2011,01/01/2011,NAD83_UTMZ13N
WC____405___,489,525842.219,6436669.159,470.91,58.07074305,-104.5619536,ML 5521,CIGAR,01/01/2011,01/01/2011,NAD83_UTMZ13N
WC____406___,504,525842.389,6436640.949,470.82,58.07048967,-104.5619538,ML 5521,CIGAR,01/01/2011,01/01/2011,NAD83_UTMZ13N
WC____407___,492,525931.759,6436670.689,468.27,58.07075157,-104.5604357,ML 5521,CIGAR,01/01/2011,01/01/2011,NAD83_UTMZ13N
WC____408___,486.05,525961.729,6436678.079,468.25,58.07081619,-104.5599268,ML 5521,CIGAR,01/01/2011,01/01/2011,NAD83_UTMZ13N
WC____409___,495.05,525669.309,6436640.169,474.19,58.07049272,-104.5648877,ML 5521,CIGAR,01/01/2011,01/01/2011,NAD83_UTMZ13N
WC____410___,492.05,525776.779,6436661.689,473.64,58.07067977,-104.5630637,ML 5521,CIGAR,01/01/2011,01/01/2011,NAD83_UTMZ13N
WC____411___,494.6,525741.026,6436654.849,471.955,58.07062041,-104.5636705,ML 5521,CIGAR,01/01/2011,01/01/2011,NAD83_UTMZ13N
WC____412___,495,525659.02,6436676.24,474.231,58.07081729,-104.5650582,ML 5521,CIGAR,01/01/2011,01/01/2011,NAD83_UTMZ13N
WC____413___,480,527087.947,6437498.893,462.774,58.07812109,-104.5407419,S-106556,TIBIA LAKE,16/01/2012,27/01/2012,NAD83_UTMZ13N
WC____414___,585,527087.011,6437498.889,462.767,58.07812111,-104.5407578,S-106556,TIBIA LAKE,28/01/2012,02/02/2012,NAD83_UTMZ13N
WC____415___,123,528141.445,6436752.096,492.316,58.07134801,-104.5229702,S-106557,CIGAR EAST,03/02/2012,05/02/2012,NAD83_UTMZ13N
WC____415A__,558,528141.445,6436752.096,492.316,58.07134801,-104.5229702,S-106557,CIGAR EAST,05/02/2012,10/02/2012,NAD83_UTMZ13N
WC____416___,558.2,528144.054,6436794.701,490.584,58.0717305,-104.5229208,S-106557,CIGAR EAST,10/02/2012,21/02/2012,NAD83_UTMZ13N
WC____417___,91.5,522444.718,6449215.69,479.234,58.18361692,-104.6183412,S-106550,ANDREW LAKE,26/02/2012,28/02/2012,NAD83_UTMZ13N
WC____417A__,144,522444.719,6449215.69,479.234,58.18361692,-104.6183412,S-106550,ANDREW LAKE,29/02/2012,02/03/2012,NAD83_UTMZ13N
WC____417B__,148.7,522444.718,6449215.69,479.234,58.18361692,-104.6183412,S-106550,ANDREW LAKE,03/03/2012,07/03/2012,NAD83_UTMZ13N
WC____418___,606,522456.088,6449200.173,477.998,58.18347698,-104.6181494,S-106550,ANDREW LAKE,08/03/2012,21/03/2012,NAD83_UTMZ13N
WC____419___,615,521745.172,6448844.463,479.615,58.18031772,-104.6302713,S-106550,ANDREW LAKE,22/03/2012,01/04/2012,NAD83_UTMZ13N
WC____420___,531,526073.302,6436643.45,464.863,58.07049862,-104.5580394,ML 5521,CIGAR,01/01/2012,01/01/2012,NAD83_UTMZ13N
WC____421___,495,525917.69,6436661.438,468.262,58.0706693,-104.5606752,ML 5521,CIGAR,01/01/2012,01/01/2012,NAD83_UTMZ13N
WC____422___,495,529477.325,6436907.457,454.648,58.0726566,-104.5003063,S-106557,EASTERN CIGAR TREND,12/01/2013,19/01/2013,NAD83_UTMZ13N
WC____423___,481.5,530859.772,6436774.161,451.124,58.07136533,-104.4768892,S-106557,EASTERN CIGAR TREND,20/01/2013,27/01/2013,NAD83_UTMZ13N
WC____424___,480,531463.544,6436650.213,452.825,58.07020965,-104.4666714,S-106559,EASTERN CIGAR TREND,27/01/2013,02/02/2013,NAD83_UTMZ13N
WC____425___,450,532074.445,6436786.32,451.304,58.07138833,-104.4562979,S-106559,EASTERN CIGAR TREND,29/01/2013,02/02/2013,NAD83_UTMZ13N
WC____426___,448.8,533252.152,6436582.811,453.585,58.06947376,-104.4363636,S-106559,EASTERN CIGAR TREND,02/02/2013,07/02/2013,NAD83_UTMZ13N
WC____427___,483,532655.805,6436660.088,454.013,58.07021214,-104.4464609,S-106559,EASTERN CIGAR TREND,03/02/2013,08/02/2013,NAD83_UTMZ13N
WC____428___,454.7,534044.658,6436584.031,452.027,58.06942458,-104.4229306,S-106559,EASTERN CIGAR TREND,08/02/2013,21/02/2013,NAD83_UTMZ13N
WC____429___,462,532655.514,6437332.806,453.296,58.0762542,-104.4463723,S-106559,EASTERN CIGAR TREND,09/02/2013,14/02/2013,NAD83_UTMZ13N
WC____430___,462.4,532057.675,6437205.234,451.28,58.07515204,-104.456525,S-106559,EASTERN CIGAR TREND,15/02/2013,22/02/2013,NAD83_UTMZ13N
WC____431___,492,534181.119,6437285.891,466.416,58.07571783,-104.4205155,S-106559,EASTERN CIGAR TREND,22/02/2013,28/02/2013,NAD83_UTMZ13N
WC____432___,486,533253.55,6437385.243,486.063,58.07668071,-104.4362263,S-106559,EASTERN CIGAR TREND,23/02/2013,01/03/2013,NAD83_UTMZ13N
WC____433___,482,530507.298,6437358.348,453.074,58.07663664,-104.4827881,S-106557,EASTERN CIGAR TREND,01/03/2013,05/03/2013,NAD83_UTMZ13N
WC____434___,501,531448.094,6437776.184,453.187,58.08032372,-104.4667825,S-106559,EASTERN CIGAR TREND,02/03/2013,10/03/2013,NAD83_UTMZ13N
WC____435___,481.8,529647.101,6430307.59,469.85,58.01336759,-104.4982596,S-106560,POWER-LINE EAST,11/03/2013,19/03/2013,NAD83_UTMZ13N
WC____436___,674.7,529632.611,6430323.417,472.146,58.01351071,-104.4985028,S-106560,POWER-LINE EAST,20/03/2013,31/03/2013,NAD83_UTMZ13N
WC____437___,549,529686.072,6430251.187,467.508,58.0128584,-104.4976071,S-106560,POWER-LINE EAST,01/04/2013,07/04/2013,NAD83_UTMZ13N
WC____438___,543,533252.09,6436528.99,452.52,58.06899037,-104.4363723,S-106559,EASTERN CIGAR TREND,17/01/2014,27/01/2014,NAD83_UTMZ13N
WC____439___,477,530264.17,6436738.81,452.99,58.07108887,-104.4869898,S-106557,EASTERN CIGAR TREND,17/01/2014,24/01/2014,NAD83_UTMZ13N
WC____440___,525,530507.4,6437167.18,452.23,58.07491965,-104.4828112,S-106557,EASTERN CIGAR TREND,25/01/2014,01/02/2014,NAD83_UTMZ13N
WC____441___,459,533254.22,6436641.85,451.4,58.07000386,-104.4363202,S-106559,EASTERN CIGAR TREND,28/01/2014,02/02/2014,NAD83_UTMZ13N
WC____442___,516,528991.99,6437196.49,452.13,58.07528459,-104.5084978,S-106557,EASTERN CIGAR TREND,02/02/2014,08/02/2014,NAD83_UTMZ13N
WC____443___,483,533252.49,6437312.81,484.87,58.07603023,-104.4362546,S-106559,EASTERN CIGAR TREND,04/02/2014,11/02/2014,NAD83_UTMZ13N
WC____444___,498,529063.87,6437807.91,452.08,58.08077142,-104.5072035,S-106557,EASTERN CIGAR TREND,09/02/2014,15/02/2014,NAD83_UTMZ13N
WC____445___,519,532658.84,6436656.64,452.09,58.07018095,-104.4464099,S-106559,EASTERN CIGAR TREND,12/02/2014,17/02/2014,NAD83_UTMZ13N
WC____446___,525,529654,6438266,453,58.08484671,-104.4971398,S-106557,CONTACT,16/02/2014,22/02/2014,NAD83_UTMZ13N
WC____447___,486,530863.317,6436824.006,452.744,58.07181277,-104.4768226,S-106557,EASTERN CIGAR TREND,18/02/2014,22/02/2014,NAD83_UTMZ13N
WC____448___,534,529100.827,6437845.512,452.101,58.08110672,-104.5065723,S-106557,EASTERN CIGAR TREND,23/02/2014,05/03/2014,NAD83_UTMZ13N
WC____449___,567,530509.535,6437194.14,451.468,58.07516164,-104.4827715,S-106557,EASTERN CIGAR TREND,23/02/2014,02/03/2014,NAD83_UTMZ13N
WC____450___,492,530505.169,6437259.963,450.919,58.07575314,-104.482837,S-106557,EASTERN CIGAR TREND,03/03/2014,09/03/2014,NAD83_UTMZ13N
WC____451___,510,528612.925,6436408.255,453.63,58.06822958,-104.51502,S-106557,CIGAR EAST,06/03/2014,13/03/2014,NAD83_UTMZ13N
WC____452___,510,530252.959,6437445.841,458.91,58.0774399,-104.4870887,S-106557,EASTERN CIGAR TREND,10/03/2014,15/03/2014,NAD83_UTMZ13N
WC____453___,483,529088.49,6437890.609,451.5,58.08151257,-104.5067758,S-106557,EASTERN CIGAR TREND,08/03/2014,20/03/2014,NAD83_UTMZ13N
WC____454___,462,530264.979,6436681.502,451.149,58.0705741,-104.4869834,S-106557,EASTERN CIGAR TREND,09/03/2014,20/03/2014,NAD83_UTMZ13N
WC____455___,588,527899.117,6436613.017,495.582,58.07011416,-104.5270944,ML 5521,CIGAR EAST,20/03/2014,27/03/2014,NAD83_UTMZ13N
WC____456___,510,530266.142,6436718.346,450.767,58.07090494,-104.486959,S-106557,EASTERN CIGAR TREND,20/03/2014,27/03/2014,NAD83_UTMZ13N
WC____457___,483,533253.686,6436666.232,449.482,58.07022289,-104.4363258,S-106559,EASTERN CIGAR TREND,11/01/2015,19/01/2015,NAD83_UTMZ13N
WC____458___,558.4,525930.37,6428195.3,473.85,57.99462787,-104.5613922,S-106561,POWER-LINE CENTRAL,13/01/2015,21/01/2015,NAD83_UTMZ13N
WC____459___,528.5,529475.731,6436941.925,452.6,58.07296629,-104.500329,S-106557,EASTERN CIGAR TREND,22/01/2015,27/01/2015,NAD83_UTMZ13N
WC____460___,516.5,526882.025,6428663.956,462.943,57.99878072,-104.5452418,S-106561,POWER-LINE CENTRAL,22/01/2015,28/01/2015,NAD83_UTMZ13N
WC____461___,498,530258.333,6437315.568,452.304,58.07626948,-104.4870144,S-106557,EASTERN CIGAR TREND,28/01/2015,02/02/2015,NAD83_UTMZ13N
WC____462___,486.1,526952.303,6428605.399,465.479,57.99825052,-104.5440596,S-106561,POWER-LINE CENTRAL,28/01/2015,02/02/2015,NAD83_UTMZ13N
WC____463___,491,529347.08,6437682.976,451.834,58.07963065,-104.5024172,S-106557,EASTERN CIGAR TREND,03/02/2015,06/02/2015,NAD83_UTMZ13N
WC____464___,405,526842.833,6428765.539,460.372,57.99969549,-104.5458933,S-106561,POWER-LINE CENTRAL,03/02/2015,08/02/2015,NAD83_UTMZ13N
WC____465___,54,529412.79,6437892.35,451.33,58.08150681,-104.5012769,S-106557,CONTACT,07/02/2015,08/02/2015,NAD83_UTMZ13N
WC____465A__,533,529412.79,6437892.35,451.33,58.08150681,-104.5012769,S-106557,CONTACT,09/02/2015,15/02/2015,NAD83_UTMZ13N
WC____466___,213.3,525891.24,6428302.21,462.36,57.99559039,-104.5620424,S-106561,POWER-LINE CENTRAL,08/02/2015,12/02/2015,NAD83_UTMZ13N
WC____466A__,501,525891.24,6428302.21,462.36,57.99559039,-104.5620424,S-106561,POWER-LINE CENTRAL,12/02/2015,01/03/2015,NAD83_UTMZ13N
WC____467___,534,528820.46,6437873.27,450.91,58.08137435,-104.5113226,S-106557,EASTERN CIGAR TREND,16/02/2015,22/02/2015,NAD83_UTMZ13N
WC____468___,513,529358.63,6437950.93,453.39,58.08203654,-104.5021879,S-106557,CONTACT,23/02/2015,28/02/2015,NAD83_UTMZ13N
WC____469___,510.7,529328.04,6438008.41,453.86,58.08255483,-104.5026994,S-106557,CONTACT,01/03/2015,07/03/2015,NAD83_UTMZ13N
WC____470___,483,529954.55,6436707.77,454.44,58.07083111,-104.492242,S-106557,EASTERN CIGAR TREND,03/03/2015,08/03/2015,NAD83_UTMZ13N
WC____471___,540,529378,6437625.29,452,58.07911049,-104.5019002,S-106557,EASTERN CIGAR TREND,07/03/2015,12/03/2015,NAD83_UTMZ13N
WC____472___,443,534430.76,6436803.22,449.52,58.07136341,-104.4163541,S-106559,EASTERN CIGAR TREND,09/03/2015,15/03/2015,NAD83_UTMZ13N
WC____473___,516,532400.23,6439594.13,453.54,58.09658306,-104.450388,S-106553,CONTACT,13/03/2015,18/03/2015,NAD83_UTMZ13N
WC____474___,471,534430.76,6436803.22,449.52,58.07136341,-104.4163541,S-106559,EASTERN CIGAR TREND,15/03/2015,20/03/2015,NAD83_UTMZ13N
WC____475___,513,532715.92,6438556.34,450.27,58.08723894,-104.4451777,S-106559,EASTERN CIGAR TREND,19/03/2015,24/03/2015,NAD83_UTMZ13N
WC____476___,564,533643.23,6436423.29,454.05,58.06801152,-104.4297577,S-106559,EASTERN CIGAR TREND,22/03/2015,27/03/2015,NAD83_UTMZ13N
WC____477___,501,534472.78,6440833.66,452.96,58.10755938,-104.4150498,S-106553,CONTACT,24/03/2015,30/03/2015,NAD83_UTMZ13N
WC____478___,540,529453.22,6437817.67,452,58.08083338,-104.5006007,S-106557,CONTACT,25/03/2015,02/04/2015,NAD83_UTMZ13N
WC____479___,531,531750.07,6436517.92,452.44,58.06900103,-104.4618326,S-106559,EASTERN CIGAR TREND,29/03/2015,03/04/2015,NAD83_UTMZ13N
WC____480___,529,533256.17,6436897.72,452.92,58.07230182,-104.4362509,S-106559,EASTERN CIGAR TREND,30/03/2015,05/04/2015,NAD83_UTMZ13N
WC____481___,681,525064.025,6436421.317,488.834,58.06856168,-104.5751711,ML 5521,CIGAR WEST,09/01/2016,16/01/2016,NAD83_UTMZ13N
WC____482___,607,521511.634,6426776.094,499.519,57.9821164,-104.6362641,S-106563,POWER-LINE WEST,10/01/2016,19/01/2016,NAD83_UTMZ13N
WC____483___,579,525075.534,6436547.121,478.461,58.06969096,-104.5749626,ML 5521,CIGAR WEST,17/01/2016,23/01/2016,NAD83_UTMZ13N
WC____484___,54,522187,6425847,505,57.97373822,-104.6249315,S-106563,POWER-LINE WEST,20/01/2016,20/01/2016,NAD83_UTMZ13N
WC____484A__,561,522195.143,6425850.506,503.672,57.9737693,-104.6247935,S-106563,POWER-LINE WEST,22/01/2016,26/01/2016,NAD83_UTMZ13N
WC____485___,657,525061.25,6436372.225,485.377,58.06812091,-104.5752233,ML 5521,CIGAR WEST,24/01/2016,29/01/2016,NAD83_UTMZ13N
WC____486___,525.7,521551.722,6427029.772,499.149,57.98439297,-104.6355632,S-106563,POWER-LINE WEST,27/01/2016,02/02/2016,NAD83_UTMZ13N
WC____487___,645,524279.49,6436597.098,515.975,58.07018414,-104.5884506,S-106555,CIGAR WEST,30/01/2016,08/02/2016,NAD83_UTMZ13N
WC____488___,582,521556.91,6426717.911,500.692,57.98159162,-104.6355039,S-106563,POWER-LINE WEST,03/02/2016,09/02/2016,NAD83_UTMZ13N
WC____489___,18,524677.562,6436466.536,467.689,58.0689895,-104.5817168,S-106555,CIGAR WEST,09/02/2016,09/02/2016,NAD83_UTMZ13N
WC____489A__,627,524677.562,6436466.536,467.689,58.0689895,-104.5817168,S-106555,CIGAR WEST,09/02/2016,17/02/2016,NAD83_UTMZ13N
WC____490___,549,522457.182,6425465.844,502.553,57.97030116,-104.6204003,S-106563,POWER-LINE WEST,10/02/2016,17/02/2016,NAD83_UTMZ13N
WC____491___,642,525075.531,6436547.141,478.461,58.06969114,-104.5749626,ML 5521,CIGAR WEST,17/02/2016,26/02/2016,NAD83_UTMZ13N
WC____492___,711,523857.61,6438038.329,492.402,58.08315178,-104.5954553,S-106555,CIGAR NORTH,18/02/2016,27/02/2016,NAD83_UTMZ13N
WC____493___,651,523856.451,6438099.643,489.817,58.08370255,-104.5954688,S-106555,CIGAR NORTH,28/02/2016,05/03/2016,NAD83_UTMZ13N
WC____494___,520,525300.742,6436585.651,488.018,58.07002424,-104.5711411,ML 5521,CIGAR WEST,28/02/2016,08/03/2016,NAD83_UTMZ13N
WC____495___,693,524275.538,6438070.795,487.43,58.08342069,-104.5883653,S-106555,CIGAR NORTH,06/03/2016,16/03/2016,NAD83_UTMZ13N
WC____496___,36,525300,6436659,487.372,58.07068308,-104.5711458,ML 5521,CIGAR WEST,08/03/2016,08/03/2016,NAD83_UTMZ13N
WC____496A__,597,525301.092,6436656.165,487.372,58.07065755,-104.5711276,ML 5521,CIGAR WEST,08/03/2016,14/03/2016,NAD83_UTMZ13N
WC____497___,573,525303.667,6436769.115,479.734,58.07167189,-104.5710717,ML 5521,CIGAR WEST,15/03/2016,21/03/2016,NAD83_UTMZ13N
WC____498___,648,524276.545,6437964.439,486.38,58.08246537,-104.5883592,S-106555,CIGAR NORTH,16/03/2016,23/03/2016,NAD83_UTMZ13N
WC____499___,675,524681.873,6436498.2,467.604,58.06927366,-104.5816404,S-106555,CIGAR WEST,21/03/2016,31/03/2016,NAD83_UTMZ13N
WC____500___,486,525039.22,6436779.768,467.555,58.07178258,-104.5755533,ML 5521,CIGAR WEST,25/03/2016,30/03/2016,NAD83_UTMZ13N
WC____501___,480,528375.563,6436314.795,456.345,58.0674054,-104.5190544,S-106557,CIGAR EAST,21/06/2016,29/06/2016,NAD83_UTMZ13N
WC____502___,504,527838.136,6436708.654,493.603,58.07097697,-104.5281167,ML 5521,CIGAR EAST,02/07/2016,08/07/2016,NAD83_UTMZ13N
WC____503___,483,525180.716,6436584.38,478.819,58.07001965,-104.5731757,ML 5521,CIGAR WEST,09/01/2017,16/01/2017,NAD83_UTMZ13N
WC____503A__,615,525180.716,6436587.38,478.819,58.0700466,-104.5731754,ML 5521,CIGAR WEST,17/01/2017,24/01/2017,NAD83_UTMZ13N
WC____503A_1,558,525180.716,6436587.38,478.819,58.0700466,-104.5731754,ML 5521,CIGAR WEST,24/01/2017,29/01/2017,NAD83_UTMZ13N
WC____504___,714.7,523875.051,6437950.069,499.309,58.08235812,-104.5951686,S-106555,CIGAR NORTH,15/01/2017,22/01/2017,NAD83_UTMZ13N
WC____505___,582,525304.218,6436606.363,487.2,58.07021007,-104.5710799,ML 5521,CIGAR WEST,16/01/2017,21/01/2017,NAD83_UTMZ13N
WC____506___,579,525409.323,6436582.438,476.543,58.06998917,-104.5693009,ML 5521,CIGAR WEST,22/01/2017,28/01/2017,NAD83_UTMZ13N
WC____507___,627,524273.298,6437896.628,483.5,58.08185649,-104.5884213,S-106555,CIGAR NORTH,23/01/2017,28/01/2017,NAD83_UTMZ13N
WC____508___,612,525409.323,6436582.438,476.543,58.06998917,-104.5693009,ML 5521,CIGAR WEST,29/01/2017,03/02/2017,NAD83_UTMZ13N
WC____509___,573,524273.298,6437896.628,483.5,58.08185649,-104.5884213,S-106555,CIGAR NORTH,29/01/2017,03/02/2017,NAD83_UTMZ13N
WC____510___,43,524629.57,6436743.546,467.894,58.07148019,-104.5825012,S-106555,CIGAR WEST,31/01/2017,31/01/2017,NAD83_UTMZ13N
WC____510A__,559,524629.57,6436743.546,467.894,58.07148019,-104.5825012,S-106555,CIGAR WEST,31/01/2017,04/02/2017,NAD83_UTMZ13N
WC____511___,696,523874.195,6437977.812,501.514,58.08260734,-104.5951803,S-106555,CIGAR NORTH,04/02/2017,13/02/2017,NAD83_UTMZ13N
WC____512___,618,524682.358,6437924.906,481.49,58.08208789,-104.5814822,S-106555,CIGAR NORTH,03/02/2017,11/02/2017,NAD83_UTMZ13N
WC____513___,599,524841.58,6436691.825,467.08,58.07100382,-104.5789129,S-106555,CIGAR WEST,05/02/2017,11/02/2017,NAD83_UTMZ13N
WC____514___,626.4,524682.358,6437924.906,481.49,58.08208789,-104.5814822,S-106555,CIGAR NORTH,11/02/2017,21/02/2017,NAD83_UTMZ13N
WC____515___,500,524834.005,6436812.902,467.542,58.07209172,-104.5790285,S-106555,CIGAR WEST,11/02/2017,16/02/2017,NAD83_UTMZ13N
WC____516___,308.2,523870.122,6438157.931,486.049,58.08422534,-104.595231,S-106555,CIGAR NORTH,14/02/2017,19/02/2017,NAD83_UTMZ13N
WC____517___,478.6,529078.6,6437913.476,452.101,58.0817186,-104.5069407,S-106557,EASTERN CIGAR TREND,18/02/2017,23/02/2017,NAD83_UTMZ13N
WC____518___,600,523860.384,6438069.076,492.484,58.08342779,-104.5954052,S-106555,CIGAR NORTH,20/02/2017,02/03/2017,NAD83_UTMZ13N
WC____519___,605,524679,6437927,482,58.08210688,-104.581539,S-106555,CIGAR NORTH,20/02/2017,28/02/2017,NAD83_UTMZ13N
WC____520___,263.4,523085.963,6438085.094,509.507,58.08361268,-104.6085354,S-106555,CIGAR NORTH,28/02/2017,04/03/2017,NAD83_UTMZ13N
WC____520A__,681.3,523085.963,6438085.094,509.507,58.08361268,-104.6085354,S-106555,CIGAR NORTH,06/03/2017,13/03/2017,NAD83_UTMZ13N
WC____521___,554.8,524265.79,6437915.56,484.24,58.08202695,-104.5885466,S-106555,CIGAR NORTH,02/03/2017,08/03/2017,NAD83_UTMZ13N
WC____522___,753.1,522260.643,6438069.385,492.981,58.08351381,-104.6225318,S-106555,CIGAR NORTH,08/03/2017,18/03/2017,NAD83_UTMZ13N
WC____523___,623.6,523442.334,6438166.706,480.368,58.08432699,-104.6024843,S-106555,CIGAR NORTH,15/03/2017,24/03/2017,NAD83_UTMZ13N
WC____524___,584.6,524087.401,6437870.847,480.254,58.08163508,-104.591576,S-106555,CIGAR NORTH,20/03/2017,24/03/2017,NAD83_UTMZ13N
WC____525___,626.2,524087.247,6437870.958,480.254,58.08163608,-104.5915786,S-106555,CIGAR NORTH,25/03/2017,30/03/2017,NAD83_UTMZ13N
WC____526___,680.7,523087.361,6437901.039,485.085,58.08195947,-104.6085298,S-106555,CIGAR NORTH,25/03/2017,31/03/2017,NAD83_UTMZ13N
WC____527___,878.1,523846.672,6437795.983,480.673,58.08097569,-104.5956654,S-106555,CIGAR NORTH,31/03/2017,11/04/2017,NAD83_UTMZ13N
WC____528___,611.6,524277.31,6438070.677,486.554,58.08341953,-104.5883353,S-106555,CIGAR NORTH,01/04/2017,07/04/2017,NAD83_UTMZ13N
WC____529___,607.4,524086.262,6437875.797,480.254,58.0816796,-104.5915948,S-106555,CIGAR NORTH,07/01/2018,16/01/2018,NAD83_UTMZ13N
WC____530___,576,525575.492,6436595.607,476.566,58.0700979,-104.5664829,ML 5521,PHASE 2,07/01/2018,14/01/2018,NAD83_UTMZ13N
WC____531___,573,525575.421,6436595.829,476.656,58.0700999,-104.566484,ML 5521,PHASE 2,14/01/2018,20/01/2018,NAD83_UTMZ13N
WC____532___,557.5,527838.015,6436708.446,494.987,58.07097511,-104.5281188,ML 5521,CIGAR EAST,16/01/2018,22/01/2018,NAD83_UTMZ13N
WC____533-1_,701.4,523923.441,6438019.063,499.417,58.08297519,-104.594341,S-106555,CIGAR NORTH,27/01/2018,10/02/2018,NAD83_UTMZ13N
WC____533___,707.4,523923.441,6438019.063,499.417,58.08297519,-104.594341,S-106555,CIGAR NORTH,18/01/2018,27/01/2018,NAD83_UTMZ13N
WC____534___,518.2,525571.802,6436658.676,472.008,58.07066458,-104.5665385,ML 5521,PHASE 2,21/01/2018,26/01/2018,NAD83_UTMZ13N
WC____535-1_,560.5,531485.511,6439093.756,453.139,58.09215489,-104.4659714,S-106559,CONTACT,26/01/2018,01/02/2018,NAD83_UTMZ13N
WC____535___,173.5,531485.511,6439093.756,453.139,58.09215489,-104.4659714,S-106559,CONTACT,23/01/2018,26/01/2018,NAD83_UTMZ13N
WC____536___,683.5,522258.141,6438241.948,493.511,58.08506385,-104.6225579,S-106555,CIGAR NORTH,26/01/2018,07/02/2018,NAD83_UTMZ13N
WC____537-1_,548.5,534843.465,6441172.24,452.456,58.1105713,-104.4087097,S-106553,CONTACT,08/02/2018,14/02/2018,NAD83_UTMZ13N
WC____537___,275.5,534843.465,6441172.24,452.456,58.1105713,-104.4087097,S-106553,CONTACT,03/02/2018,07/02/2018,NAD83_UTMZ13N
WC____538___,779,521570.504,6438225.252,497.414,58.08494789,-104.6342202,S-106555,CIGAR NORTH,08/02/2018,21/02/2018,NAD83_UTMZ13N
WC____539-1_,596.4,523759.719,6438055.533,490.576,58.08331156,-104.5971135,S-106555,CIGAR NORTH,20/02/2018,01/03/2018,NAD83_UTMZ13N
WC____539___,641.4,523759.719,6438055.533,490.576,58.08331156,-104.5971135,S-106555,CIGAR NORTH,11/02/2018,18/02/2018,NAD83_UTMZ13N
WC____540___,48,535689.186,6441641.637,452.125,58.11471977,-104.394287,S-113761,CONTACT,15/02/2018,17/02/2018,NAD83_UTMZ13N
WC____540A__,578.1,535689.186,6441641.637,452.125,58.11471977,-104.394287,S-106553,CONTACT,17/02/2018,25/02/2018,NAD83_UTMZ13N
WC____541___,757,520583.033,6438292.789,497.706,58.08560145,-104.6509595,S-106555,CIGAR NORTH,23/02/2018,05/03/2018,NAD83_UTMZ13N
WC____542___,644.4,523759.719,6438055.533,490.576,58.08331156,-104.5971135,S-106555,CIGAR NORTH,02/03/2018,08/03/2018,NAD83_UTMZ13N
WC____543___,713,521570.776,6438317.036,497.566,58.08577226,-104.6342071,S-106555,CIGAR NORTH,06/03/2018,15/03/2018,NAD83_UTMZ13N
WC____544___,650.8,523442.265,6438158.542,481.1,58.08425366,-104.6024862,S-106555,CIGAR NORTH,09/03/2018,18/03/2018,NAD83_UTMZ13N
WC____545___,711.4,521096.097,6438290.189,515.763,58.08555398,-104.6422592,S-106555,CIGAR NORTH,16/03/2018,25/03/2018,NAD83_UTMZ13N
WC____546___,560.5,524684.701,6437755.621,476.243,58.08056729,-104.5814603,S-106555,CIGAR NORTH,19/03/2018,25/03/2018,NAD83_UTMZ13N
WC____547___,647.4,525854.93,6437616.721,494.737,58.07925302,-104.5616338,S-106556,TIBIA WEST,26/03/2018,03/04/2018,NAD83_UTMZ13N
WC____548___,611.4,523871.395,6437705.699,484.459,58.08016345,-104.5952554,S-106555,CIGAR NORTH,26/03/2018,03/04/2018,NAD83_UTMZ13N
WC____549___,608.4,525073.447,6437836.627,484.526,58.08127304,-104.5748603,S-106556,CIGAR NORTH,03/04/2018,10/04/2018,NAD83_UTMZ13N
WC____550___,533.4,525073.584,6438053.448,476.892,58.08322045,-104.5748348,S-106556,CIGAR NORTH,10/04/2018,16/04/2018,NAD83_UTMZ13N
