HOLEID,DEPTH,X_NAD,Y_NAD,Z_NAD,HORIZON
CIG_____1___,344.7,525076,6418772.045,177.3396719,Uc
CIG_____2___,306.6,525929,6419724,160.3,Uc
CIG_____3___,295.8,525981,6419725,172.2,Uc
CIG_____4___,317.6,525876,6419723,148.7,Uc
CIG_____5___,276.9,526134,6420176,189.5,Uc
CIG_____6___,277,526201,6420458,189,Uc
CIG_____69_1,331.8,526201,6420458,134.2,Uc
CIG_____7___,329,526013,6420173,141.3,Uc
CIG_____9___,337.8,525930,6420160,142.9,Uc
CIG____10___,315.6,526082,6420180,151,Uc
CIG____11___,271.9,532281.6909,6432140.671,185.1586676,Uc
CIG____12___,299.4,528984.2629,6429967.095,158.6056306,Uc
CIG____13___,331.3,527242.2588,6424628.22,139.1383911,Uc
CIG____14___,497.93,520341.0596,6430965.223,5.442915162,Uc
CIG____15___,441.4,526561.9846,6436660.305,40.58822803,Uc
CIG____16___,298.15,531320,6432345,161.85,Uc
CIG____17___,431,526274.6616,6436617.756,33.33368321,Uc
CIG____18___,432.3,526311.6324,6436583.285,32.46050168,Uc
CIG____19___,423.2,526237.2104,6436658.167,41.48398414,Uc
CIG____20___,426,526211.3408,6436667.435,39.00266747,Uc
CIG____21___,452,526630.7975,6436612.047,36.20848136,Uc
CIG____22___,437.7,526167.0599,6436725.407,26.44846206,Uc
CIG____23___,381.2,533512.9255,6440481.017,76.19593867,Uc
CIG____24___,430.5,526518.5277,6436690.913,39.35846456,Uc
CIG____25___,425,526355.6613,6436692.5,39.53693251,Uc
CIG____26___,429.3,526513.8543,6436746.803,37.61689925,Uc
CIG____27___,427.5,526382.786,6436651.378,36.55423323,Uc
CIG____28___,440.25,526721.0916,6436693.404,45.02553395,Uc
CIG____29___,446.5,526887.2827,6436746.961,46.19051034,Uc
CIG____30___,429.5,526093.4081,6436632.416,34.92738766,Uc
CIG____31___,433.7,525974.2165,6436641.637,33.12083447,Uc
CIG____32___,279.5,527027.835,6421114.827,196.6243919,Uc
CIG____33___,446.3,525825.2154,6436600.433,29.87854066,Uc
CIG____34___,438.8,525823.983,6436706.019,32.60277873,Uc
CIG____35___,445.1,525824.0591,6436756.475,24.69941732,Uc
CIG____36_A_,448.4,526869.7683,6436772.261,41.64839482,Uc
CIG____37_A_,448.2,526859.8555,6436716.135,44.18653024,Uc
CIG____37_B_,448.5,526868.9465,6436711.945,43.84736526,Uc
CIG____37_C_,446,526861.057,6436725.088,46.75295134,Uc
CIG____38___,438.5,526973.5573,6436753.776,57.84740367,Uc
CIG____39___,444.05,527088.3615,6436769.153,50.89523703,Uc
CIG____39_A_,441.7,527090.744,6436778.602,53.6364157,Uc
CIG____40___,440.2,527168.4204,6436793.471,48.26638802,Uc
CIG____41___,466.4,526542.0964,6437748.811,35.85965925,Uc
CIG____42___,439.4,527268.0653,6436840.088,46.26328907,Uc
CIG____42_A_,436.1,527268.6389,6436822.649,50.01493051,Uc
CIG____42_B_,437,527266.0771,6436832.448,48.53750934,Uc
CIG____43___,477.35,526480.3893,6437708.517,27.5216801,Uc
CIG____44___,426.6,527269.3563,6436772.542,59.91587648,Uc
CIG____44_A_,429.45,527268.6219,6436782.742,57.19103441,Uc
CIG____45___,434.3,527371.4103,6436820.162,47.16161222,Uc
CIG____45_A_,432.45,527371.128,6436803.611,49.64582321,Uc
CIG____45_B_,429.95,527372.9975,6436797.703,52.96122151,Uc
CIG____46___,427.95,527271.7496,6436763.377,58.79983161,Uc
CIG____46_A_,430.4,527270.4618,6436757.375,56.42389121,Uc
CIG____47_A_,425.12,527467.8822,6436784.662,56.71525729,Uc
CIG____47_B_,424.8,527471.5834,6436777.593,57.41706733,Uc
CIG____47_D_,428.2,527469.3566,6436792.765,53.86346279,Uc
CIG____48___,437.3,527268.6459,6436801.399,49.04609005,Uc
CIG____48_A_,434.8,527269.2782,6436812.248,51.53102239,Uc
CIG____48_B_,428.35,527274.2304,6436793.125,58.13292599,Uc
CIG____49___,432.9,527272.5791,6436742.984,55.07111476,Uc
CIG____49_A_,437.2,527275.4288,6436734.456,50.50456772,Uc
CIG____49_B_,436.5,527271.3625,6436726.055,51.24328865,Uc
CIG____50___,431.6,527462.9292,6436753.278,57.93318833,Uc
CIG____51___,455.4,527557.7171,6436775.337,44.51065184,Uc
CIG____51_A_,454.3,527564.3082,6436756.947,46.50586481,Uc
CIG____52___,430.4,527474.5674,6436809.151,51.47246057,Uc
CIG____52_A_,436.7,527468.4135,6436830.912,45.64515843,Uc
CIG____53___,436,527461.1546,6436730.265,55.28087741,Uc
CIG____53_A_,441.8,527463.4132,6436717.642,49.80332784,Uc
CIG____53_B_,444.1,527466.4073,6436699.965,49.19199352,Uc
CIG____53_C_,437.6,527458.8293,6436741.519,54.03889226,Uc
CIG____54___,443.4,527570.7453,6436807.825,53.31967466,Uc
CIG____55___,449.5,527659.109,6436879.453,42.56449163,Uc
CIG____56___,444.6,527269.8218,6436705.358,42.75719587,Uc
CIG____56_A_,442.4,527266.0987,6436713.828,45.24588389,Uc
CIG____56_B_,450.85,527277.2449,6436685.173,37.94883054,Uc
CIG____57___,425.85,527469.3592,6436764.395,60.15060564,Uc
CIG____58___,452.35,527668.1125,6436844.335,47.97076519,Uc
CIG____58_A_,447.6,527659.2859,6436828.538,53.34929354,Uc
CIG____59___,454.3,527661.6745,6436802.004,48.46351141,Uc
CIG____59_A_,449.9,527660.5534,6436816.936,53.46944875,Uc
CIG____60___,424.6,527364.2399,6436766.55,57.10652962,Uc
CIG____61___,444.8,526663.689,6436695.612,41.36935142,Uc
CIG____62___,446.8,527267.9029,6436669.511,40.94886323,Uc
CIG____63___,445.75,527765.4827,6436830.46,51.37524572,Uc
CIG____64___,446.1,526669.9981,6436675.502,39.69739422,Uc
CIG____65___,440.5,527089.155,6436751.587,51.44810184,Uc
CIG____66___,441.65,527762.6025,6436848.155,53.97876061,Uc
CIG____67___,425.7,527310.2395,6436779.275,58.24290243,Uc
CIG____68___,445.1,526665.5852,6436711.722,42.0144728,Uc
CIG____69___,446.8,526663.0442,6436729.219,40.27764717,Uc
CIG____70___,448.4,527089.5805,6436728.638,43.02914219,Uc
CIG____71___,437.4,527206.9459,6436791.32,50.1198447,Uc
CIG____72___,445,527761.1051,6436865.207,48.24185797,Uc
CIG____73___,452.6,526854.5229,6436691.134,37.14547778,Uc
CIG____74___,451.7,527087.3665,6436807.714,42.39852382,Uc
CIG____75___,441.5,527166.2741,6436777.612,46.56317213,Uc
CIG____76___,426.09,527284.5812,6436779.832,60.02991923,Uc
CIG____77___,438.1,527120.2637,6436772.114,54.12932138,Uc
CIG____78___,444.4,527084.5036,6436786.305,49.6302165,Uc
CIG____79___,439.49,527160.2718,6436810.53,49.52130711,Uc
CIG____80___,444.9,527164.3141,6436733.392,45.7098457,Uc
CIG____81___,449.6,527160.5643,6436833.231,40.81127805,Uc
CIG____83___,389.3,527212.6809,6437638.272,68.84291958,Uc
CIG____84___,469.5,526527.9538,6437776.14,33.00909783,Uc
CIG____85___,424.62,527325.7502,6436767.009,58.41640767,Uc
CIG____86___,393.99,527201.1316,6437652.867,68.72378444,Uc
CIG____87___,441.1,527131.8275,6436771.549,49.11452345,Uc
CIG____88___,473.7,526561.8947,6437745.097,28.02546539,Uc
CIG____89___,441.64,527184.2556,6436770.887,46.0851773,Uc
CIG____90___,437.8,527209.5191,6436773.804,50.04097706,Uc
CIG____91___,431.4,527238.3448,6436766.281,55.42308368,Uc
CIG____92___,453.9,527559.9722,6436728.566,49.72092662,Uc
CIG____93_A_,455.7,527558.9758,6436701.258,48.26420865,Uc
CIG____94_A_,442.8,526972.0374,6436773.52,54.0053709,Uc
CIG____94_B_,442.8,526972.0375,6436773.521,54.0053709,Uc
CIG____95___,433,526015.8688,6436627.062,33.87747596,Uc
CIG____96___,434,526016.5471,6436612.627,32.42904042,Uc
CIG____97___,426.5,526220.5148,6436689.312,38.23211529,Uc
CIG____98___,456,527562.6505,6436688,48.65252866,Uc
CIG____99___,441.25,526971.7786,6436731.422,54.90587385,Uc
CIG___100___,446.1,527581.1116,6436828.002,51.06055229,Uc
CIG___101_A_,428,526231.9298,6436707.304,36.67559484,Uc
CIG___102___,452.9,526971.2375,6436797.814,43.36930509,Uc
CIG___103___,429.15,527367.6573,6436748.923,54.14871887,Uc
CIG___104___,428.6,526231.8779,6436638.336,36.3215049,Uc
CIG___105___,449.1,526971.5976,6436708.571,46.06445648,Uc
CIG___106___,425.19,527365.6244,6436778.964,56.4539334,Uc
CIG___107___,423.39,527406.0255,6436761.951,58.92764714,Uc
CIG___108___,431.99,526225.1006,6436615.834,32.76737461,Uc
CIG___109___,437.89,527372.814,6436725.192,46.06666346,Uc
CIG___110___,440.89,527126.387,6436793.723,50.74063125,Uc
CIG___111___,444.29,527165.1264,6436756.905,44.06008696,Uc
CIG___112___,431.19,527314.0701,6436799.378,52.45534918,Uc
CIG___113___,422.9,527411.0087,6436781.878,58.61425467,Uc
CIG___114___,445.19,527121.8435,6436752.642,45.22235476,Uc
CIG___115___,441.3,527211.2998,6436753.714,47.83535256,Uc
CIG___116___,434.79,527308.1843,6436818.314,46.63189004,Uc
CIG___117___,425.54,527407.698,6436798.562,55.90779969,Uc
CIG___118_A_,430.64,527310.2364,6436757.147,54.78014618,Uc
CIG___119___,431.64,527311.0393,6436736.235,54.30730022,Uc
CIG___120___,447.7,527131.4719,6436815.536,45.31730875,Uc
CIG___121___,442.89,527208.1377,6436733.444,46.63353513,Uc
CIG___122___,406.59,528059.818,6436964.984,51.45951947,Uc
CIG___123___,439.59,527512.5455,6436755.555,55.75042006,Uc
CIG___124___,439.9,527208.9834,6436810.801,47.71001769,Uc
CIG___125___,434.2,526023.3234,6436585.436,31.14630755,Uc
CIG___126___,440.74,527511.9699,6436774.511,53.03298098,Uc
CIG___127___,431.49,526014.766,6436645.978,35.6191827,Uc
CIG___128___,447.79,527162.2624,6436715.759,41.86506616,Uc
CIG___129___,432.14,526016.2507,6436671.046,35.675428,Uc
CIG___130___,442.26,527313.0063,6436715.043,43.92990327,Uc
CIG___131___,438.12,527511.9754,6436791.69,53.04045965,Uc
CIG___133___,435.6,526030.3239,6436696.446,32.98359027,Uc
CIG___134___,432.1,527414.5482,6436827.154,46.28099243,Uc
CIG___135___,438.74,527515.2021,6436815.019,50.02004788,Uc
CIG___136___,409.49,528053.979,6437015.299,53.05514554,Uc
CIG___137___,430.69,527409.7598,6436739.163,52.9222649,Uc
CIG___138___,456.29,527479.8153,6436722.102,46.24073583,Uc
CIG___139___,446.2,526970.2629,6436408.759,41.64627756,Uc
CIG___140___,414.39,528066.4829,6436915.197,50.17037505,Uc
CIG___141___,444.69,527028.0367,6436775.448,51.73343055,Uc
CIG___142___,428.68,526470.4254,6436670.95,38.96278318,Uc
CIG___143___,439.2,527032.8131,6436754.893,56.6193274,Uc
CIG___144___,438.59,525821.0947,6436653.813,33.82592823,Uc
CIG___145___,442.29,527509.6411,6436730.046,54.18467769,Uc
CIG___146___,429.49,526468.4466,6436649.398,38.55170992,Uc
CIG___147___,439.75,527027.4632,6436729.422,54.79996077,Uc
CIG___148_A_,430.6,526473.8796,6436691.47,35.23950897,Uc
CIG___149___,442.2,526470.8457,6436619.221,32.67676314,Uc
CIG___150___,448.2,527024.4371,6436795.677,48.22559375,Uc
CIG___151___,451.7,527502.979,6436711.166,47.77302222,Uc
CIG___152___,447.4,527031.8862,6436712.663,46.20514978,Uc
CIG___153___,503.49,526678.9569,6437715.55,37.21378802,Uc
CIG___154___,441.8,525715.1344,6436656.149,31.8145933,Uc
CIG___155___,509.49,526671.7728,6437483.668,29.28240107,Uc
CIG___156___,447.29,525624.588,6436654.263,28.43586721,Uc
CIG___157___,513.8,526762.4697,6437265.127,38.00599197,Uc
CIG___158___,447.29,525624.1386,6436636.51,28.85883683,Uc
CIG___159___,523,526922.2681,6436898.674,33.53329528,Uc
CIG___160___,447.59,525626.9471,6436612.641,29.86983123,Uc
CIG___161___,476,526568.7321,6437713.639,23.54774294,Uc
CIG___162___,448.49,525632.3011,6436675.104,26.81408263,Uc
CIG___163___,464.2,526612.0113,6437749.978,35.52558492,Uc
CIG___164___,452.99,525518.9702,6436648.039,22.33962057,Uc
CIG___165___,455,526953.5135,6436597.925,36.7479063,Uc
CIG___166___,451.6,525515.4632,6436691.735,23.23029437,Uc
CIG___167_A_,424.74,527387.3222,6436761.999,56.48233514,Uc
CIG___168___,450,525517.6491,6436730.294,25.94875245,Uc
CIG___169___,451.35,527661.2693,6436698.071,51.29230042,Uc
CIG___170_A_,456.9,525511.3429,6436753.06,20.18505356,Uc
CIG___171___,457.2,526597.9779,6437784.767,44.47075081,Uc
CIG___172___,459.25,526621.3492,6437824.018,40.42785343,Uc
CIG___173___,451.99,525518.5923,6436713.209,23.04693001,Uc
CIG___174_A_,461.2,526609.3062,6437834.218,40.12443126,Uc
CIG___175___,486.89,525554.6111,6436786.325,19.59923617,Uc
CIG___176___,455.05,526632.4819,6437812.815,43.59713873,Uc
CIG___177___,450.3,527653.7001,6436724.886,52.64489942,Uc
CIG___178_A_,461.1,526693.3959,6437890.918,35.36441648,Uc
CIG___179___,450.8,527658.0211,6436746.609,52.41016229,Uc
CIG___180___,457.2,526725.2257,6437874.662,36.20599499,Uc
CIG___181___,454.3,527754.1369,6436723.379,49.07882784,Uc
CIG___182___,479.59,526493.2109,6437689.289,23.87480593,Uc
CIG___183_A_,480.5,526455.1979,6437732.137,22.72765811,Uc
CIG___184___,452.8,526636.768,6437795.434,45.47802352,Uc
CIG___185___,441.89,527273.4597,6436924.449,40.93145078,Uc
CIG___187_A_,425.89,527348.2174,6436769.721,56.54488076,Uc
CIG___188___,368.62,528607.3991,6437138.761,87.74658251,Uc
CIG___189___,371.8,529079.0408,6437137.484,85.1105855,Uc
CIG___190___,371.49,529082.4973,6437100.877,85.05422589,Uc
CIG___191___,373.5,528990.5672,6437202.755,83.02778117,Uc
CIG___192___,373.75,529529.6643,6437292.651,82.82033329,Uc
CIG___193_A_,428.8,527285.1849,6436761.134,57.62409827,Uc
CIG___194___,397,527224.8914,6437620.1,60.77248469,Uc
CIG___195___,428.14,527337.9345,6436749.173,58.73881612,Uc
CIG___196___,434.24,527286.0211,6436737.017,49.69386085,Uc
CIG___197___,425.39,527338.2315,6436780.317,57.32911317,Uc
CIG___198___,428.39,527289.5602,6436795.104,56.35931261,Uc
CIG___199___,438.49,527339.3497,6436720.654,45.96671682,Uc
CIG___200___,459.2,524442.1574,6437760.267,18.52770084,Uc
CIG___201___,384.58,527277.5585,6437716.574,75.47235825,Uc
CIG___202___,415.05,532009.7028,6452582.824,45.50516488,Uc
CIG___203___,470.05,523492.976,6438074.399,11.78593441,Uc
CIG___204___,390.05,527803.6185,6437894.402,66.56892798,Uc
CIG___205___,443.71,529395.6776,6451423,43.15341252,Uc
CIG___206___,391.6,527242.9771,6437732.902,72.64096126,Uc
CIG___207___,451.09,524860.1879,6436538.172,20.72257055,Uc
CIG___208___,367.09,532264.1314,6438326.389,89.25142542,Uc
CIG___209___,358.1,530461.585,6437366.229,98.35563663,Uc
CIG___210___,450.9,524893.8665,6436865.287,19.28945555,Uc
CIG___211___,441.94,527279.3999,6436716.856,45.08843686,Uc
CIG___212___,466.6,524102.3339,6437931.939,14.25614486,Uc
CIG___213___,450.2,527220.9055,6436567.513,38.81340915,Uc
CIG___214___,442.49,527293.7912,6436665.657,44.74953611,Uc
CIG___215___,446.45,527268.5364,6436626.782,41.75730195,Uc
CIG___216___,448.95,527262.846,6436589.504,39.497383,Uc
CIG___217___,445.12,527298.3381,6436637.62,42.1091574,Uc
CIG___220___,438.4,527298.251,6436637.698,48.82813391,Uc
CIG___221___,464.9,527231.7922,6436751.612,52.65263792,Uc
CIG___222___,478.1,527229.9833,6436787.997,53.05798602,Uc
CIG___223___,458.6,527261.8691,6436761.208,57.54830236,Uc
CIG___224___,469.3,527271.1571,6436792.637,58.29984382,Uc
CIG___225___,421,527398.5717,6436772.114,59.65827098,Uc
CIG___225_A_,421,527395.7838,6436773.151,59.64529139,Uc
CIG___225_B_,422.1,527399.0094,6436773.793,58.583686,Uc
CIG___227___,421.1,527442.7818,6436769.322,60.71435862,Uc
CIG___227_A_,420.6,527442.4645,6436770.425,61.20676081,Uc
CIG___228___,438.5,527512.7434,6436740.891,57.89422781,Uc
CIG___229___,447.73,527216.1268,6436510.176,41.99094292,Uc
CIG___230___,423.8,527439.4923,6436763.089,59.63710316,Uc
CIG___231___,434.3,527492.789,6436759.709,56.52334136,Uc
CIG___232___,461.52,527417.1267,6436526.526,40.69081818,Uc
CIG___233___,449.47,527216.72,6436474.798,40.17538638,Uc
CL538,453.9,527216.7276,6436474.883,35.74620277,Uc
WC____234___,470.5,532566.7148,6463099.045,12.54498362,Uc
WC____235___,491,531454.0094,6460969.866,-15.98808649,Uc
WC____236___,357.2,530856.3135,6437429.304,96.46797851,Uc
WC____237___,351.6,530865.3314,6436781.625,101.6966157,Uc
WC____238___,344.7,532053.0244,6436791.334,109.3996163,Uc
WC____239___,368.15,529662.9299,6437013.058,89.27899033,Uc
WC____240A__,391.2,528462.1062,6437033.124,93.1501673,Uc
WC____241___,416.3,528282.7201,6436931.123,75.04467875,Uc
WC____242___,441.4,528168.5154,6436929.97,56.63102256,Uc
WC____243___,456.3,528202.5518,6436980.659,57.90421953,Uc
WC____244___,452,528176.5902,6436845.817,67.47917794,Uc
WC____245___,447.29,528253.831,6436848.834,67.25464776,Uc
WC____246___,474.6,528077.4759,6436837.345,52.4221553,Uc
WC____247___,427.2,528268.7237,6436823.769,64.82355005,Uc
WC____248___,429,528359.967,6436831.944,77.04971015,Uc
WC____249___,456.85,526679.9405,6437783.472,45.56212253,Uc
WC____250___,448.9,527262.9479,6436637.796,40.43166512,Uc
WC____251___,448.65,527326.934,6436641.664,40.32512829,Uc
WC____252___,452.1,526936.3478,6437069.634,35.03323601,Uc
WC____253___,431.7,527758.2877,6436978.336,49.41758207,Uc
WC____254___,442.9,526944.11,6436252.207,43.07765413,Uc
WC____255___,441.45,527601.8181,6436144.853,44.44028145,Uc
WC____256___,449,527601.8664,6436144.808,36.89056893,Uc
WC____257___,445.7,528146.6254,6436861.596,62.09188454,Uc
WC____258A__,444.7,528174.087,6436833.152,59.23312936,Uc
WC____259___,424.2,528261.0101,6436873.429,73.15015142,Uc
WC____260___,432.5,528222.4542,6436856.828,64.52281927,Uc
WC____261___,414.4,528363.1507,6436881.795,79.52414621,Uc
WC____262___,447.1,528146.2009,6436853.015,60.07608949,Uc
WC____263___,457.4,528064.2087,6436707.186,54.48567654,Uc
WC____264___,416.1,528318.8826,6436856.727,75.61305306,Uc
WC____265___,445.2,526777.1935,6437808.484,53.74727068,Uc
WC____266___,471.5,526565.6586,6437820.769,34.57371604,Uc
WC____267___,461.95,526596.616,6437834.032,41.1723454,Uc
WC____268___,449.2,527097.0174,6436500.052,39.56194811,Uc
WC____269___,451.8,527295.5566,6436433.441,38.45380758,Uc
WC____270___,447.2,527369.2589,6436616.426,42.35732943,Uc
WC____271A__,460.2,527537.9964,6436643.177,43.26600964,Uc
WC____272___,429.3,527430.9593,6436861.812,45.04670321,Uc
WC____273___,460.7,527025.7324,6436868.371,34.6352033,Uc
WC____274___,447.8,527247.843,6436515.013,41.09798715,Uc
WC____275A__,519.2,527260.1136,6436517.028,41.74783089,Uc
WC____275B__,533.9,527261.0273,6436524.558,29.15540687,Uc
WC____276___,448.6,527303.5322,6436522.083,40.58287247,Uc
WC____277___,480.4,527297.5189,6436561.475,38.49927069,Uc
WC____278___,450.1,527409.7793,6436605.39,44.76119396,Uc
WC____278A__,452.4,527410.5114,6436610.795,42.45533224,Uc
WC____280___,463.7,527410.6615,6436610.747,31.15643372,Uc
WC____280A__,466.84,527410.7032,6436610.733,28.01673979,Uc
WC____280D__,464.85,527410.6768,6436610.742,30.00654582,Uc
WC____280E__,477.6,527410.8462,6436610.687,17.25778863,Uc
WC____281___,470.2,527410.7479,6436610.719,24.65706731,Uc
WC____281A__,472.69,527410.781,6436610.708,22.16731003,Uc
WC____282___,480.49,527410.8846,6436610.675,14.36807034,Uc
WC____283___,464.3,527410.6695,6436610.744,30.55649221,Uc
WC____284___,482.68,527410.9137,6436610.665,12.17828381,Uc
WC____285___,463.7,527410.6615,6436610.747,31.15643372,Uc
WC____286A__,497,527411.104,6436610.604,-2.140320335,Uc
WC____287___,424.5,528328.98,6436871.91,75.74253463,Uc
WC____288___,425.3,528464.6131,6436947.172,83.57759857,Uc
WC____289___,399.3,528432.4005,6436854.699,85.94118376,Uc
WC____289___,401.7,528432.4613,6436855.015,83.56282408,Uc
WC____290___,445.3,528116.2125,6436846.108,58.06529627,Uc
WC____291___,474.5,527985.136,6436911.945,55.25500974,Uc
WC____291___,475,527985.1998,6436912.153,54.80523085,Uc
WC____293B__,447.05,527984.3879,6436795.25,50.26729999,Uc
WC____295___,457.6,527849.5399,6436863.628,55.90428375,Uc
WC____296___,446.4,527858.9615,6436822.181,56.66819304,Uc
WC____297___,412.55,528432.7081,6436805.932,76.52748695,Uc
WC____298___,433.83,526880.32,6437737.01,58.08547111,Uc
WC____299___,449.6,526909.0988,6437705.328,42.97409422,Uc
WC____300___,435.7,526985.296,6437746.045,54.48276698,Uc
WC____301___,461.05,527751.2634,6436769.153,47.99426283,Uc
WC____302___,455.4,527767.1559,6436686.403,49.54294838,Uc
WC____303___,463.27,527822.502,6436762.766,54.50513951,Uc
WC____304___,458.9,527966.5382,6436748.983,54.42956506,Uc
WC____305___,460.65,527855.66,6436903.607,49.68630827,Uc
WC____306___,455.36,528164.3948,6436732.043,50.46341141,Uc
WC____307___,431.9,528455.628,6436867.753,86.49036072,Uc
WC____308___,411,528470.0639,6436805.109,77.35070566,Uc
WC____309___,417.45,528518.7137,6436829.779,79.98002824,Uc
WC____310___,400.7,528516.1739,6436762.783,72.33523015,Uc
WC____311___,452.29,528410.4068,6436636.499,68.20738898,Uc
WC____312___,379,529472.9491,6436930.83,93.4780185,Uc
WC____313___,375.9,529420.7357,6436862.984,92.0037975,Uc
WC____314___,425.44,527146.3865,6437608.44,54.73648437,Uc
WC____315___,430.3,527126.5535,6437619.59,56.20182024,Uc
WC____316___,424.2,527164.9384,6437579.642,47.67844343,Uc
WC____317___,437.5,527015.9711,6437688.517,51.73196252,Uc
WC____318___,468.9,526648.833,6437967.371,38.19897715,Uc
WC____319___,460.7,527841.2372,6436745.72,50.93806436,Uc
WC____321___,509.7,524122.9947,6448763.842,2.292056005,Uc
WC____322___,551.15,523121.4608,6448060.698,-21.80215699,Uc
WC____323___,508.3,523652.1832,6449496.264,-8.655977002,Uc
WC____324___,545.5,523810.3647,6449220.326,-10.80828449,Uc
WC____325___,297.2,526403.9535,6420645.423,201.0917463,Uc
WC____326___,387.5,526299.8339,6420708.935,176.5089484,Uc
WC____327___,309.3,526123.1514,6420250.836,183.7284784,Uc
WC____328___,380.8,526056.295,6420305.288,149.982707,Uc
WC____329___,372.8,529006.9856,6436938.739,91.49998279,Uc
WC____330___,394.9,529021.0239,6436703.254,86.85473605,Uc
WC____331___,410.3,528685.7487,6436694.007,80.74545205,Uc
WC____332___,463.6,528410.6367,6436550.976,60.01445659,Uc
WC____333___,442.1,528401.0299,6436492.925,52.9861832,Uc
WC____334___,464.9,528495.8799,6436539.007,67.58765386,Uc
WC____335___,443.6,528298.0833,6436640.181,56.41998861,Uc
WC____336___,440,526948.7235,6436760.323,55.15570037,Uc
WC____337___,437.1,526950.4611,6436739.334,58.07707564,Uc
WC____337A__,441.7,526954.7287,6436726.261,53.58578581,Uc
WC____338___,445.8,526947.572,6436701.52,47.74077548,Uc
WC____339___,471.16,527406.7632,6436561.43,41.78770136,Uc
WC____340___,449.3,527547.8789,6436722.106,54.33495756,Uc
WC____341___,452.3,527550.0133,6436751.665,47.60219627,Uc
WC____341A__,453.35,527561.8912,6436739.544,47.06839395,Uc
WC____341B__,451.7,527572.505,6436720.089,48.85881857,Uc
WC____342___,449.03,527545.608,6436786.077,50.78392286,Uc
WC____342A__,446.9,527542.5982,6436778.859,44.27063251,Uc
WC____342B__,447.7,527540.4244,6436792.354,44.11572137,Uc
WC____343___,464.7,527116.1038,6436940.696,37.28208562,Uc
WC____344___,478.25,527167.8289,6436949.163,36.07355042,Uc
WC____345___,472.5,527350.6248,6436514.273,42.12363069,Uc
WC____346___,466.2,527350.5186,6436512.87,48.26462621,Uc
WC____347___,437.9,527499.0399,6436735.813,56.15960013,Uc
WC____347A__,441.5,527497.6761,6436723.57,52.6882474,Uc
WC____348___,433.2,527492.2409,6436794.021,52.8371751,Uc
WC____348A__,431.5,527501.5586,6436773.159,55.19486111,Uc
WC____349___,420.4,527448.1838,6436791.521,60.67643204,Uc
WC____349A__,429.05,527451.0295,6436805.638,52.65386982,Uc
WC____350___,428.8,527443.9545,6436741.542,60.24172407,Uc
WC____350A__,431.9,527444.1684,6436733.689,54.12253444,Uc
WC____351___,453.9,527554.534,6436713.209,48.84790102,Uc
WC____352___,437.6,527393.3535,6436720.955,46.72504819,Uc
WC____352A__,440.9,527394.4569,6436729.435,43.77845932,Uc
WC____353___,437.5,527006.2769,6436758.322,58.85034559,Uc
WC____353A__,443.8,527000.4054,6436772.26,52.36704896,Uc
WC____354___,442.1,527064.289,6436772.027,51.69779339,Uc
WC____354A__,448.9,527067.2987,6436786.22,45.85286928,Uc
WC____354B__,440.4,527067.4964,6436757.482,53.03936833,Uc
WC____354C__,441.1,527070.693,6436744.277,52.53021922,Uc
WC____355___,442.2,527004.032,6436717.394,53.09126003,Uc
WC____355A__,438.3,527007.625,6436734.56,56.77084228,Uc
WC____356___,455.65,526910.2196,6436688.801,39.53659353,Uc
WC____356A__,449.5,526915.1414,6436709.043,44.37124173,Uc
WC____357___,449.5,526916.5401,6436770.163,44.7242123,Uc
WC____357A__,443.8,526918.3848,6436750.348,49.76897809,Uc
WC____358___,442.2,526919.7851,6436733.69,51.73248436,Uc
WC____359___,449.5,526886.6752,6436714.144,47.29479148,Uc
WC____359A__,445.7,526893.5087,6436732.495,50.44880895,Uc
WC____360___,446.3,526864.6152,6436745.482,45.31604094,Uc
WC____361___,433.3,527393.8126,6436736.495,49.81168268,Uc
WC____362___,453.06,527543.7129,6436699.493,48.16308774,Uc
WC____363___,429.4,527448.7859,6436747.347,56.84432099,Uc
WC____364___,437.5,527495.3195,6436745.344,57.32394339,Uc
WC____365___,441.6,527528.9697,6436733.239,58.1506842,Uc
WC____365A__,452.5,527541.5259,6436708.245,46.78661838,Uc
WC____366___,444.7,527527.162,6436759.973,49.49844922,Uc
WC____366A__,444.5,527531.2425,6436750.13,49.57345052,Uc
WC____367___,477.65,527529.5623,6436846.532,43.67067054,Uc
WC____368___,444.8,527146.8009,6436786.546,44.91324698,Uc
WC____368A__,441,527149.3757,6436799.082,48.50036408,Uc
WC____369___,438.7,527040.4326,6436735.072,54.92769908,Uc
WC____370___,446.9,527116.9476,6436785.894,53.09514443,Uc
WC____371___,444.79,527117.0184,6436786.216,55.17916683,Uc
WC____372___,442.19,525694.3796,6436670.394,33.29429422,Uc
WC____373___,441.99,525798.4267,6436673.505,33.15518848,Uc
WC____374-1_,470.59,525866.406,6436654.622,31.56184071,Uc
WC____375___,446.79,526046.8698,6436644.566,41.71271825,Uc
WC____376-2_,463.39,525967.811,6436651.089,34.73725832,Uc
WC____377___,431.59,525999.6131,6436658.888,36.64808675,Uc
WC____378___,466.59,525896.6465,6436652.447,32.41594369,Uc
WC____379___,469.79,525776.9744,6436648.611,34.05137799,Uc
WC____380___,304.7,526204.519,6420194.992,190.1766515,Uc
WC____381___,308.8,526065.2367,6419983.734,180.1762239,Uc
WC____382___,341.7,525985.6517,6419985.81,167.4424046,Uc
WC____383___,321.1,526134.9421,6419979.277,187.8248475,Uc
WC____384___,338.3,526026.3782,6419515.332,170.3899435,Uc
WC____387___,359.8,525987.694,6419301.101,156.7863065,Uc
WC____388___,311.7,526231.6485,6420241.032,191.5477836,Uc
WC____389___,431.1,528200.3926,6436880.195,64.61037438,Uc
WC____390___,418,528292.6742,6436877.733,74.99324863,Uc
WC____391A__,473.1,527757.7675,6436629.729,47.34053192,Uc
WC____392___,432,525982.5758,6436658.55,35.06641521,Uc
WC____393___,434.3,525932.5941,6436648.362,33.35855808,Uc
WC____394___,437.4,525742.2621,6436673.286,34.30766651,Uc
WC____395___,439.3,525717.2205,6436673.298,32.85626229,Uc
WC____396___,442.1,525676.0573,6436673.263,32.4188929,Uc
WC____397___,439.2,525693.4366,6436664.578,33.37032844,Uc
WC____398___,436.3,525762.4357,6436652.787,37.01644747,Uc
WC____399___,441.3,525706.1308,6436642.922,30.85734874,Uc
WC____400___,442.4,525687.4194,6436687.939,31.32846086,Uc
WC____401___,442.5,525681.2199,6436650.613,30.69358803,Uc
WC____402___,429.3,526070.6022,6436640.457,35.44632926,Uc
WC____403___,444.7,525661.4262,6436659.442,29.92932227,Uc
WC____404___,429.6,526071.732,6436664.867,35.54738807,Uc
WC____405___,437.9,525849.3046,6436669.153,33.08380903,Uc
WC____406___,437.4,525845.3481,6436638.193,33.45513333,Uc
WC____407___,431.6,525936.1488,6436673.349,36.70499023,Uc
WC____408___,434,525964.5585,6436681.57,34.28032876,Uc
WC____409___,445.6,525671.7001,6436639.489,28.60516312,Uc
WC____410___,439.4,525778.5665,6436658.529,34.26370798,Uc
WC____411___,439,525739.2008,6436651.992,32.9786198,Uc
WC____413___,432.6,527062.573,6437571.01,37.12380865,Uc
WC____414___,441,527030.4837,6437598.922,37.27214084,Uc
WC____415A__,448.8,528112.3531,6436821.163,49.8482457,Uc
WC____416___,436.9,528141.3664,6436835.77,55.77195057,Uc
WC____418___,513.85,522511.0055,6449061.899,-13.71746027,Uc
WC____419___,530.3,521808.3257,6448685.663,-21.9745081,Uc
WC____420___,439.6,521803.6791,6448714.672,63.83543395,Uc
WC____421___,425.4,525917.1197,6436662.458,42.86792266,Uc
WC____422___,384.2,529474.5545,6437019.261,87.18792894,Uc
WC____423___,358.1,530864.5489,6436825.616,96.83097073,Uc
WC____424___,347.8,531477.6157,6436680.574,106.6728776,Uc
WC____425___,354.9,532093.1087,6436857.277,104.2435389,Uc
WC____426___,336.6,533253.1824,6436647.151,123.2543972,Uc
WC____427___,344.45,532657.1753,6436705.174,112.5821858,Uc
WC____428___,340.8,534054.9572,6436643.63,116.6591211,Uc
WC____429___,356.3,532682.2629,6437403.572,105.2053321,Uc
WC____430___,346.4,532052.4202,6437255.007,108.5641005,Uc
WC____431___,388,534179.5913,6437430.222,106.4577258,Uc
WC____432___,378.2,533254.2318,6437438.241,111.6603271,Uc
WC____433___,364.5,530510.6493,6437292.783,94.54586568,Uc
WC____434___,362.1,531457.8659,6437828.785,95.10268527,Uc
WC____435___,326.7,529592.7535,6430361.586,152.3106968,Uc
WC____436___,337.8,529567.2943,6430404.374,150.9148257,Uc
WC____437___,306.5,529687.5794,6430250.775,161.0162825,Uc
WC____438___,339.3,533261.1616,6436583.748,117.8317929,Uc
WC____439___,357.2,530271.2358,6436772.769,97.54945823,Uc
WC____440___,361.5,530508.0399,6437222.688,95.10743701,Uc
WC____441___,338.1,533255.0345,6436690.394,116.9316895,Uc
WC____442___,378.4,528995.6797,6437255.823,78.48265795,Uc
WC____443___,384.3,533244.5166,6437382.448,107.0668977,Uc
WC____444___,380.5,529066.5325,6437868.996,76.57457103,Uc
WC____445___,353.6,532654.5587,6436751.401,111.4930235,Uc
WC____446___,416.2,529646.6661,6438329.757,41.82234818,Uc
WC____447___,358.6,530866.9132,6436883.238,99.12381344,Uc
WC____448___,380.7,529084.1166,6437898.718,75.52626376,Uc
WC____449___,362,530518.7756,6437244.036,93.14537104,Uc
WC____450___,368,530528.5296,6437328.258,90.20749481,Uc
WC____451___,397.2,528648.4593,6436528.181,76.73241495,Uc
WC____452___,362.5,530258.7678,6437502.203,100.9163593,Uc
WC____453___,374.75,529092.4411,6437891.918,76.81194949,Uc
WC____454___,363,530269.5681,6436727.517,91.15840703,Uc
WC____455___,460.6,527877.9181,6436726.29,49.74730836,Uc
WC____456___,360.5,530270.2365,6436789.467,97.56635562,Uc
WC____457___,352.6,533262.1807,6436770.388,112.8145863,Uc
WC____458___,353.3,525898.4393,6428323.018,146.1187022,Uc
WC____459___,394.5,529490.7898,6437069.802,80.00502175,Uc
WC____460___,331.5,526828.0882,6428737.688,144.3516908,Uc
WC____461___,387,530239.9056,6437473.955,99.97982471,Uc
WC____462___,332.5,526885.4647,6428653.657,143.4188916,Uc
WC____463___,390.6,529375.3669,6437812.38,84.93131447,Uc
WC____464___,336.3,526739.1762,6428817.681,144.7916723,Uc
WC____465A__,404,529342.1357,6438014.498,72.87546451,Uc
WC____466A__,342,525815.1381,6428387.972,140.3275037,Uc
WC____467___,416.6,528773.2042,6438005.301,58.99596711,Uc
WC____468___,399,529306.3291,6438052.561,71.14852688,Uc
WC____469___,411.2,529292.0758,6438110.417,57.369742,Uc
WC____470___,374,529935.8706,6436815.681,96.92005413,Uc
WC____471___,397.2,529376.135,6437758.792,78.17893833,Uc
WC____472___,334.3,534414.9181,6436864.181,121.3716637,Uc
WC____472___,335.3,534414.9163,6436864.354,120.386856,Uc
WC____473___,395,532349.3483,6439699.281,76.33019255,Uc
WC____474___,348.9,534390.9794,6436885.242,112.8227762,Uc
WC____475___,385,532648.2752,6438670.187,88.83674938,Uc
WC____476___,352.5,533627.1768,6436539.028,121.6375621,Uc
WC____477___,400.3,534395.4591,6440949.744,77.90599712,Uc
WC____478___,392,529398.4713,6437922.852,78.58310479,Uc
WC____479___,366.15,531737.2423,6436638.455,107.0845446,Uc
WC____480___,382,533255.5049,6437086.202,120.7557398,Uc
WC____481___,543.1,525078.216,6436690.717,19.24528305,Uc
WC____482___,476,521386.8647,6427001.004,99.16788123,Uc
WC____483___,498.1,525100.2258,6436723.696,14.5146374,Uc
WC____484A__,465.8,522380.0113,6425727.217,95.05699347,Uc
WC____485___,534,525076.4682,6436627.304,17.48236289,Uc
WC____486___,407.6,521499.2374,6427147.57,112.545133,Uc
WC____487___,515.6,524274.2129,6436708.237,12.8112029,Uc
WC____488___,439.4,521470.6465,6426891.292,106.8066482,Uc
WC____489A__,482,524652.7344,6436635.325,17.03497068,Uc
WC____490___,414.05,522367.8761,6425581.775,115.4997555,Uc
WC____491___,513.6,525041.4583,6436767.667,16.18604715,Uc
WC____492___,543,523904.8899,6438185.862,-27.17162196,Uc
WC____493___,555,523896.3284,6438266.835,-36.94197184,Uc
WC____494___,499.3,523887.329,6438252.71,16.18006232,Uc
WC____495___,528.85,524276.5291,6438188.546,-27.81566493,Uc
WC____496A__,491.9,525305.102,6436794.634,15.46881829,Uc
WC____497___,465.3,525309.3084,6436771.985,14.48121323,Uc
WC____498___,498.8,524273.6605,6438076.667,0.715749543,Uc
WC____499___,538.4,524631.2533,6436780.266,12.11345594,Uc
WC____500___,448.7,525047.3788,6436785.384,18.97568482,Uc
WC____501___,409.1,528427.0026,6436374.567,56.03331912,Uc
WC____502___,453.1,527902.8169,6436753.542,52.28586305,Uc
WC____503A__,498,525207.7651,6436763.878,14.75434475,Uc
WC____503A_1,495.8,525203.1139,6436754.434,13.36377097,Uc
WC____504___,511.6,523861.3275,6438104.278,12.06020844,Uc
WC____505___,483.1,525303.7404,6436726.616,19.51762423,Uc
WC____506___,470.3,525417.857,6436695.592,20.36985344,Uc
WC____507___,488.1,524242.0142,6438020.839,12.7749547,Uc
WC____508___,493.4,525438.3479,6436753.425,15.90594944,Uc
WC____509___,499,524239.5708,6438039.004,6.647906334,Uc
WC____510A__,463.2,524638.2814,6436853.542,18.19001109,Uc
WC____511___,519.7,523848.3002,6438133.194,6.617565954,Uc
WC____512___,495.8,524688.362,6438030.254,-2.541553049,Uc
WC____513___,461,524849.3236,6436798.488,18.85768109,Uc
WC____514___,524.9,524672.5369,6438086.013,-17.80137028,Uc
WC____515___,448.1,524839.2241,6436816.406,19.50390664,Uc
WC____517___,388.8,529059.8146,6437954.843,66.01906566,Uc
WC____518___,496.4,523840.2134,6438151.586,3.537828213,Uc
WC____518___,527,523840.036,6438156.744,-26.62379763,Uc
WC____518___,528.4,523840.0279,6438156.98,-28.0037413,Uc
WC____519___,476.3,524674.6494,6437967.582,7.616458951,Uc
WC____520A__,555,523084.8682,6438234.627,-24.46866506,Uc
WC____521___,481.3,524253.1772,6437998.536,10.3902922,Uc
WC____522___,533.2,522248.6536,6438204.712,-22.51825372,Uc
WC____523___,520.8,523431.9563,6438234.337,-35.80060064,Uc
WC____524___,471.6,524043.6978,6437948.05,17.15196491,Uc
WC____525___,480.8,524043.106,6437974.91,13.08887356,Uc
WC____526___,557.3,523036.2577,6438138.489,-15.80578357,Uc
WC____527___,515.1,523813.2265,6438009.627,13.59583359,Uc
WC____528___,515.8,524278.2828,6438134.659,-25.1622402,Uc
WC____529___,494.6,524010.8711,6438015.386,12.16080084,Uc
WC____530___,458.7,525574.7643,6436673.246,24.54612266,Uc
WC____531___,462.8,525575.3129,6436697.609,25.31800181,Uc
WC____532___,454.7,527822.8541,6436782.011,46.54108161,Uc
WC____533-1_,502.85,523966.3643,6438123.102,10.05130931,Uc
WC____533___,527.7,523983.1271,6438151.746,-7.482068155,Uc
WC____534___,448.7,525572.9164,6436658.493,23.32620222,Uc
WC____535-1_,403.3,531429.5242,6439169.584,61.07081125,Uc
WC____536___,551.4,522240.9418,6438347.89,-47.1997031,Uc
WC____537-1_,383.7,534784.2798,6441236.56,78.95304825,Uc
WC____538___,552,521564.38,6438327.547,-44.79659835,Uc
WC____539-1_,501.5,523731.1249,6438172.713,4.352247286,Uc
WC____539-1_,523.8,523729.4621,6438179.87,-16.69870924,Uc
WC____539___,499.9,523740.8367,6438161.958,2.733726498,Uc
WC____540A__,404.5,535617.1219,6441782.221,80.05915237,Uc
WC____541___,561.3,520607.3021,6438402.862,-51.38469862,Uc
WC____542___,496.95,523751.2059,6438137.932,0.700319559,Uc
WC____543___,585.3,521571.1195,6438420.611,-77.75706218,Uc
WC____544___,490.7,523442.631,6438200.255,-7.699080148,Uc
WC____545___,587.1,521046.4153,6438424.793,-53.29876046,Uc
WC____546___,497.95,524681.0863,6437928.987,10.94090019,Uc
WC____547___,492.2,525851.7109,6437765.458,26.700502,Uc
WC____548___,539.7,523821.7444,6437965.27,15.79204205,Uc
WC____549___,504.9,525067.2874,6437999.722,7.188808298,Uc
WC____550___,487.6,525081.8899,6438021.018,-9.546391437,Uc